股票,市场,名称,行业,行业模型,核心指标,PE,PB,10年ROE,ROE波动,5年平均FCF,资产负债率,商誉占比,利息覆盖倍数,分红稳定性,5年营收CAGR,数据年数,缺失字段数,数据质量分,数据质量,杠杆风险,结果,分数,规则质量评级,规则质量分,质量理由,原因,AI评级,AI置信度,AI理由,AI风险,AI关注点,AI模型,规则AI分歧,综合观察
000001,CN,平安银行,-,银行,不良率、拨备覆盖、资本充足率,-,-,11.1%,1.2%,-,90.7%,-,-,未分红/不适用,-6.1%,10,20,100,High,未知,排除,30,排除,20,规则排雷已判定存在硬伤,银行需补充不良率/拨备/资本充足率专项数据；资产负债率过高；近5年营收增长偏弱,谨慎观察,Medium,ROE稳定在11%左右，净利润波动小，无亏损，但营收持续负增长（-6.1%），资产负债率高达90.7%，且近5年有一次经营现金流为负，分红不适用。银行高杠杆特性下需关注资产质量。,营收负增长可能反映业务收缩或竞争压力；高资产负债率（90.7%）在利率下行周期可能放大信用风险；经营现金流偶尔为负需关注流动性。,关注营收能否企稳、不良贷款率及拨备覆盖率、净息差变化、资本充足率及分红政策恢复情况。,deepseek-chat,轻微,规则和AI评级不完全一致，可作为人工复核优先项
000002,CN,万  科Ａ,-,通用,ROE、现金流、资产负债率,-,-,5.3%,25.7%,-,76.9%,-,-,未分红/不适用,-15.3%,10,10,100,High,未知,排除,15,排除,20,规则排雷已判定存在硬伤,10年ROE波动较大；10年净利润波动较大；资产负债率偏高；近5年营收明显下滑,排除,High,10年ROE仅5.3%，且波动高达25.7%；近5年亏损2次，净利润波动剧烈；营收5年CAGR为-15.3%，持续下滑；资产负债率76.9%偏高，财务杠杆风险大。整体财务质量弱，增长前景差。,高负债率（76.9%）增加偿债压力；营收持续负增长，盈利能力不稳定；ROE低且波动大，股东回报差；近5年多次亏损，经营风险高。,关注负债结构变化、营收能否止跌、盈利稳定性改善迹象、现金流状况。,deepseek-chat,否,规则质量评级与AI评级一致
000006,CN,深振业Ａ,-,通用,ROE、现金流、资产负债率,-,-,-3.1%,29.8%,-,62.5%,-,-,未分红/不适用,-4.0%,10,10,100,High,未知,排除,0,排除,20,规则排雷已判定存在硬伤,10年内亏损年份过多；10年ROE波动较大；10年净利润波动较大；长期ROE低于5%,排除,High,10年ROE为-3.1%，且波动高达29.8%，近5年亏损3次，净利润波动剧烈，营收负增长，财务质量明显较弱。,持续亏损、高ROE波动、营收下滑，资产负债率62.5%偏高，无分红记录，现金流可能紧张。,需关注扭亏为盈的持续性、负债结构改善、现金流转正及营收增长拐点。,deepseek-chat,否,规则质量评级与AI评级一致
000007,CN,全新好,-,通用,ROE、现金流、资产负债率,-,-,-0.3%,43.2%,-,48.0%,-,-,未分红/不适用,22.0%,10,10,100,High,未知,排除,0,排除,20,规则排雷已判定存在硬伤,10年内亏损年份过多；10年ROE波动较大；10年净利润波动较大；长期ROE低于5%,谨慎观察,Medium,10年ROE为负且波动极大（43.2%），净利润波动剧烈（11.67），近5年有1年亏损，1年经营现金流为负，财务质量不稳定。营收增长较快（5年CAGR 22%），但未分红，现金流数据缺失，需更多验证。,盈利能力差（ROE负值），盈利波动大，现金流不稳定，无分红记录，商誉和利息覆盖数据缺失，财务风险较高。,关注未来ROE能否转正、现金流改善情况、营收增长可持续性、负债率变化及分红政策。,deepseek-chat,轻微,规则和AI评级不完全一致，可作为人工复核优先项
000008,CN,神州高铁,-,通用,ROE、现金流、资产负债率,-,-,-9.9%,16.7%,-,73.9%,-,-,未分红/不适用,-1.1%,10,10,100,High,未知,排除,0,排除,20,规则排雷已判定存在硬伤,10年内亏损年份过多；10年ROE波动较大；10年净利润波动较大；长期ROE低于5%；资产负债率偏高,排除,High,10年ROE为-9.9%，且波动高达16.7%，近5年全部亏损，净利润波动剧烈。营收5年CAGR为-1.1%，无增长。资产负债率73.9%偏高，未分红。整体财务质量极差，风险显著。,持续亏损风险：近5年每年亏损，盈利能力严重不足。高负债风险：资产负债率73.9%，财务杠杆高。无增长风险：营收负增长，缺乏成长性。无分红回报。,关注能否扭亏为盈，营收是否恢复增长，负债率是否下降，以及现金流是否持续为正。,deepseek-chat,否,规则质量评级与AI评级一致
000009,CN,中国宝安,-,通用,ROE、现金流、资产负债率,-,-,6.8%,4.6%,-,59.8%,-,-,未分红/不适用,7.0%,10,10,100,High,未知,通过,100,谨慎观察,51,数据质量高；长期ROE低于行业基本线；ROE稳定性较好；近5年无亏损；经营现金流存在瑕疵；自由现金流数据缺失，评级保守；资产负债率符合行业语境；营收增长达到行业较好水平,-,谨慎观察,Medium,10年ROE仅6.8%，波动4.6%，盈利能力较弱且不稳定；近5年OCF有一次为负，现金流质量存疑；资产负债率59.8%偏高，财务杠杆风险较大；未分红，股东回报不足。营收CAGR 7%尚可，但整体财务质量不够突出。,盈利能力偏低且波动，现金流不稳定，高负债率增加偿债压力，无分红记录可能影响长期投资价值。,关注未来ROE能否提升至10%以上，现金流改善情况，负债率是否下降，以及是否有分红政策变化。,deepseek-chat,否,规则质量评级与AI评级一致
000011,CN,深物业A,-,通用,ROE、现金流、资产负债率,-,-,22.5%,31.4%,-,79.0%,-,-,未分红/不适用,-16.5%,10,10,100,High,未知,排除,15,排除,20,规则排雷已判定存在硬伤,10年ROE波动较大；10年净利润波动较大；资产负债率偏高；近5年营收明显下滑,谨慎观察,Medium,ROE较高但波动大，近5年1次亏损，经营现金流4年为负，营收持续下滑，资产负债率79%偏高，未分红。,经营现金流持续为负，营收负增长，高负债率，盈利不稳定，缺乏分红记录。,关注经营现金流能否转正、营收下滑趋势是否改善、负债率变化及盈利稳定性。,deepseek-chat,轻微,规则和AI评级不完全一致，可作为人工复核优先项
000012,CN,南  玻Ａ,-,通用,ROE、现金流、资产负债率,-,-,17.6%,26.5%,-,56.7%,-,-,未分红/不适用,0.1%,10,10,100,High,未知,警惕,85,可跟踪,83,数据质量高；长期ROE达到行业优秀线；ROE波动偏大；近5年无亏损；近5年经营现金流持续为正；自由现金流数据缺失，评级保守；资产负债率符合行业语境；营收增长处于可接受区间,10年ROE波动较大,可跟踪,Medium,10年ROE均值17.6%较高，且近5年无亏损、经营现金流持续为正，显示一定盈利能力与稳定性。但ROE波动26.5%较大，营收5年CAGR仅0.1%，增长停滞，且未分红，现金流数据缺失，整体质量尚可但不够突出。,营收增长近乎停滞，可能面临行业天花板或竞争压力；ROE波动较大，盈利稳定性存疑；未分红可能影响股东回报；资产负债率56.7%适中，但利息覆盖倍数未知，需关注偿债能力。,关注营收增长能否恢复；ROE波动原因及未来趋势；现金流状况及资本开支计划；分红政策变化；行业景气度及公司竞争力。,deepseek-chat,否,规则质量评级与AI评级一致
000014,CN,沙河股份,-,通用,ROE、现金流、资产负债率,-,-,22.9%,32.5%,-,25.0%,-,-,未分红/不适用,-16.6%,10,10,100,High,未知,排除,30,排除,20,规则排雷已判定存在硬伤,10年ROE波动较大；10年净利润波动较大；近5年营收明显下滑,谨慎观察,Medium,10年ROE均值22.9%看似优秀，但波动极大（32.5%），净利润波动系数2.09，近5年亏损1次且OCF为负2次，现金流不稳定。营收5年CAGR为-16.6%，显示业务萎缩。资产负债率25%较低，但未分红且缺乏利息覆盖数据。整体财务质量不稳定，增长前景堪忧。,主要风险：1) 盈利波动剧烈，ROE和净利润稳定性差；2) 营收持续下滑，业务萎缩；3) 现金流多次为负，自由现金流未披露；4) 未分红，股东回报不足。,关注点：1) 未来营收能否止跌回升；2) 现金流改善情况；3) 盈利稳定性是否提高；4) 公司战略调整或新增长点。,deepseek-chat,轻微,规则和AI评级不完全一致，可作为人工复核优先项
000017,CN,深中华A,-,通用,ROE、现金流、资产负债率,-,-,-0.4%,25.9%,-,17.6%,-,-,未分红/不适用,45.3%,10,10,100,High,未知,排除,0,排除,20,规则排雷已判定存在硬伤,10年内亏损年份过多；10年ROE波动较大；10年净利润波动较大；长期ROE低于5%,谨慎观察,Medium,公司10年ROE均值极低（-0.4%），波动大（25.9%），近5年亏损2次且经营现金流为负3次，财务质量弱。但营收5年CAGR达45.3%，增长较快，资产负债率低（17.6%），无商誉风险。需验证增长可持续性及现金流改善情况。,盈利能力差，ROE长期为负；净利润波动大，近5年多次亏损；经营现金流频繁为负，自由现金流缺失，可能依赖外部融资。,关注营收高增长是否可持续；跟踪经营现金流能否转正；观察净利润能否稳定盈利；评估行业竞争格局及公司竞争力。,deepseek-chat,轻微,规则和AI评级不完全一致，可作为人工复核优先项
000019,CN,深粮控股,-,通用,ROE、现金流、资产负债率,-,-,8.1%,1.5%,-,32.3%,-,-,未分红/不适用,-14.2%,10,10,100,High,未知,警惕,85,谨慎观察,53,数据质量高；长期ROE达到行业基本线；ROE稳定性较好；近5年无亏损；经营现金流存在瑕疵；自由现金流数据缺失，评级保守；资产负债率符合行业语境；营收增长偏弱,近5年营收增长偏弱,谨慎观察,Medium,ROE长期偏低（8.1%），营收持续下滑（5年CAGR -14.2%），自由现金流数据缺失，且近5年有一次经营现金流为负。虽然负债率低（32.3%），但增长和盈利质量存疑。,营收持续萎缩可能反映行业或公司竞争力下降；自由现金流不明，分红缺失，股东回报不足；净利润波动虽小，但低增长下可持续性待验证。,关注营收下滑趋势是否企稳；未来自由现金流能否转正；管理层是否有转型或改善盈利的计划；行业前景及公司市场份额变化。,deepseek-chat,否,规则质量评级与AI评级一致
000020,CN,深华发Ａ,-,通用,ROE、现金流、资产负债率,-,-,6.3%,8.8%,-,39.0%,-,-,未分红/不适用,2.9%,10,10,100,High,未知,警惕,85,谨慎观察,45,数据质量高；长期ROE低于行业基本线；ROE稳定性较好；近5年无亏损；经营现金流存在瑕疵；自由现金流数据缺失，评级保守；资产负债率符合行业语境；营收增长处于可接受区间,10年净利润波动较大,谨慎观察,Medium,ROE仅6.3%，且波动较大（8.8%），盈利能力较弱；近5年营收CAGR仅2.9%，增长缓慢；自由现金流数据缺失，且经营现金流有一次为负，现金流质量存疑。资产负债率39%尚可，但无分红记录。整体财务质量一般，需更多数据验证。,盈利能力弱且波动大，增长停滞，现金流不稳定，无分红记录。缺乏商誉和利息覆盖倍数数据，可能隐藏风险。,关注未来ROE能否提升、营收增长是否加速、自由现金流是否转正、分红政策变化。,deepseek-chat,否,规则质量评级与AI评级一致
000021,CN,深科技,-,科技,营收增长、自由现金流、研发投入效率,-,-,7.8%,2.3%,-,39.0%,-,-,未分红/不适用,-1.1%,10,10,100,High,未知,警惕,85,可跟踪,73,数据质量高；长期ROE达到行业基本线；ROE稳定性较好；近5年无亏损；近5年经营现金流持续为正；自由现金流数据缺失，评级保守；资产负债率符合行业语境；营收增长偏弱,科技公司营收增长转负,谨慎观察,Medium,10年ROE仅7.8%，且波动较小，但营收5年CAGR为-1.1%，显示增长停滞。无分红记录，自由现金流数据缺失。资产负债率39%尚可，但缺乏利息覆盖倍数和商誉数据。净利润和经营现金流近5年均为正，稳定性尚可。整体财务质量一般，增长乏力，需更多数据验证。,营收持续负增长，可能面临行业或竞争压力；无分红记录，股东回报不足；自由现金流数据缺失，无法评估现金流质量；ROE偏低，资本回报效率不高。,关注营收能否恢复增长；获取自由现金流数据；观察ROE趋势是否改善；了解行业前景及公司竞争力变化。,deepseek-chat,轻微,规则和AI评级不完全一致，可作为人工复核优先项
000025,CN,特  力Ａ,-,通用,ROE、现金流、资产负债率,-,-,8.1%,4.3%,-,24.7%,-,-,未分红/不适用,30.2%,10,10,100,High,未知,通过,100,可跟踪,69,数据质量高；长期ROE达到行业基本线；ROE稳定性较好；近5年无亏损；经营现金流存在瑕疵；自由现金流数据缺失，评级保守；资产负债率符合行业语境；营收增长达到行业较好水平,-,可跟踪,Medium,10年ROE均值8.1%，波动4.3%，盈利能力一般但稳定；近5年无亏损，营收CAGR高达30.2%，增长强劲；资产负债率24.7%较低，财务风险小。但近5年有2年经营现金流为负，且未分红，现金流和股东回报存在隐忧。,经营现金流不稳定，近5年2次为负，可能影响持续经营；未分红，缺乏股东回报；净利润波动系数0.51，盈利稳定性中等。,关注经营现金流能否持续为正；营收高增长是否可持续；未来是否开始分红或回购。,deepseek-chat,否,规则质量评级与AI评级一致
000026,CN,飞亚达,-,通用,ROE、现金流、资产负债率,-,-,7.8%,3.2%,-,10.6%,-,-,未分红/不适用,-9.6%,10,10,100,High,未知,警惕,85,可跟踪,73,数据质量高；长期ROE达到行业基本线；ROE稳定性较好；近5年无亏损；近5年经营现金流持续为正；自由现金流数据缺失，评级保守；资产负债率符合行业语境；营收增长偏弱,近5年营收增长偏弱,谨慎观察,Medium,公司10年ROE仅7.8%，且波动较大（3.2%），净利润波动系数0.44，显示盈利不稳定。近5年营收CAGR为-9.6%，收入持续下滑。虽然无亏损且OCF为正，但缺乏增长动力。资产负债率低（10.6%），财务风险小，但整体质量一般。,营收持续下滑，可能面临行业竞争或需求萎缩；ROE偏低且波动，盈利能力不稳定；未分红，股东回报不足。,关注营收下滑趋势是否改善；观察ROE能否提升至10%以上；跟踪现金流是否持续为正；留意公司是否有新增长点或转型计划。,deepseek-chat,轻微,规则和AI评级不完全一致，可作为人工复核优先项
000027,CN,深圳能源,-,通用,ROE、现金流、资产负债率,-,-,6.0%,3.3%,-,62.0%,-,-,未分红/不适用,7.7%,10,10,100,High,未知,通过,100,可跟踪,71,数据质量高；长期ROE低于行业基本线；ROE稳定性较好；近5年无亏损；近5年经营现金流持续为正；自由现金流数据缺失，评级保守；资产负债率符合行业语境；营收增长达到行业较好水平,-,可跟踪,Medium,10年ROE均值6.0%偏低，但波动较小（3.3%），净利润波动低（0.49），近5年无亏损且经营现金流持续为正，显示一定稳定性。营收CAGR 7.7%尚可，但资产负债率62%偏高，且缺乏FCF和利息覆盖数据，分红不适用。整体财务质量一般，无明显硬伤但不够突出。,资产负债率62%偏高，可能增加财务风险；缺乏自由现金流和利息覆盖倍数数据，无法评估偿债能力；ROE仅6%，资本回报效率较低；未分红可能影响投资者回报。,关注未来自由现金流趋势、利息覆盖倍数变化、资产负债率是否改善；观察ROE能否提升至10%以上；跟踪营收增长可持续性及行业竞争格局。,deepseek-chat,否,规则质量评级与AI评级一致
000028,CN,国药一致,-,通用,ROE、现金流、资产负债率,-,-,9.8%,3.1%,-,56.0%,-,-,未分红/不适用,1.8%,10,10,100,High,未知,通过,100,可跟踪,83,数据质量高；长期ROE达到行业基本线；ROE稳定性较好；近5年无亏损；近5年经营现金流持续为正；自由现金流数据缺失，评级保守；资产负债率符合行业语境；营收增长处于可接受区间,-,可跟踪,Medium,公司连续10年盈利且经营现金流持续为正，财务数据质量高。但ROE仅9.8%且波动较大，营收增长缓慢（5年CAGR 1.8%），成长性不足。资产负债率56%适中，但缺乏分红记录。整体财务稳健但缺乏亮点。,营收增长乏力，可能面临行业天花板或竞争加剧；ROE偏低且波动，资本回报效率不高；无分红记录，股东回报不明确。,关注未来营收增长驱动因素（如新业务或市场扩张）；ROE能否提升至15%以上；是否开始分红或回购以提升股东价值。,deepseek-chat,否,规则质量评级与AI评级一致
000029,CN,深深房Ａ,-,通用,ROE、现金流、资产负债率,-,-,6.0%,7.8%,-,10.6%,-,-,未分红/不适用,2.9%,10,10,100,High,未知,警惕,85,排除,0,数据质量高；长期ROE低于行业基本线；ROE稳定性较好；净利润波动偏大；近5年出现亏损；经营现金流多次为负；自由现金流数据缺失，评级保守；资产负债率符合行业语境；营收增长处于可接受区间,10年净利润波动较大,谨慎观察,Medium,公司ROE较低（6.0%），波动较大（7.8%），近5年有2年亏损，且经营现金流4年为负，自由现金流为负，显示盈利质量和现金流状况不佳。但资产负债率极低（10.6%），财务风险小。营收增长缓慢（CAGR 2.9%），缺乏分红记录。整体财务质量较弱，需更多数据验证。,盈利不稳定，近5年亏损2次；经营现金流持续为负，自由现金流为负，可能影响持续经营能力；营收增长缓慢，缺乏成长性；无分红记录，股东回报不足。,关注未来盈利能否改善，经营现金流能否转正；营收增长是否有加速迹象；管理层是否有改善经营的计划；行业前景及公司竞争力变化。,deepseek-chat,轻微,规则和AI评级不完全一致，可作为人工复核优先项
000030,CN,富奥股份,-,通用,ROE、现金流、资产负债率,-,-,11.4%,3.1%,-,49.3%,-,-,未分红/不适用,7.9%,10,10,100,High,未知,通过,100,优质候选,89,数据质量高；长期ROE达到行业基本线；ROE稳定性较好；近5年无亏损；近5年经营现金流持续为正；自由现金流数据缺失，评级保守；资产负债率符合行业语境；营收增长达到行业较好水平,-,可跟踪,Medium,10年ROE均值11.4%，波动较小，净利润和经营现金流近5年均为正，显示一定稳定性。但营收CAGR仅7.9%，增长不算突出，且未分红，现金流数据缺失，整体质量中等。,资产负债率49.3%适中，但商誉和利息覆盖倍数未知，需关注债务风险。未分红可能影响投资者回报。增长放缓或行业竞争可能带来压力。,关注未来营收增长趋势、现金流状况、分红政策变化及行业地位。需补充商誉、利息覆盖等数据以评估财务风险。,deepseek-chat,轻微,规则和AI评级不完全一致，可作为人工复核优先项
000031,CN,大悦城,-,通用,ROE、现金流、资产负债率,-,-,3.6%,24.6%,-,77.3%,-,-,未分红/不适用,-7.7%,10,10,100,High,未知,排除,0,排除,20,规则排雷已判定存在硬伤,10年内亏损年份过多；10年ROE波动较大；10年净利润波动较大；长期ROE低于5%；资产负债率偏高；近5年营收增长偏弱,排除,High,近10年ROE均值仅3.6%，且波动高达24.6%，盈利极不稳定；近5年亏损4次，营收CAGR为-7.7%，持续下滑；资产负债率77.3%偏高，未分红，现金流数据缺失，整体财务质量较弱。,高负债率（77.3%）增加财务风险；连续亏损及营收负增长表明经营困境；未分红可能反映现金流紧张或盈利不足。,需关注未来能否扭亏为盈、负债率是否下降、现金流是否改善，以及行业景气度变化。,deepseek-chat,否,规则质量评级与AI评级一致
000032,CN,深桑达Ａ,-,通用,ROE、现金流、资产负债率,-,-,4.5%,4.2%,-,81.7%,-,-,未分红/不适用,2.7%,10,10,100,High,未知,排除,30,排除,20,规则排雷已判定存在硬伤,10年净利润波动较大；长期ROE低于5%；资产负债率偏高,谨慎观察,Medium,ROE长期偏低（10年均值4.5%），且波动较大（4.2%）；近5年有2年亏损、2年经营现金流为负，盈利稳定性差；资产负债率高达81.7%，财务杠杆风险较高；未分红，股东回报不足。营收增长缓慢（5年CAGR 2.7%），成长性有限。,高负债率（81.7%）带来偿债风险；盈利波动大，近5年多次亏损和负现金流；无分红记录，缺乏股东回报；营收增长停滞，行业竞争或经营策略可能存在问题。,关注未来能否改善盈利稳定性、降低负债率、产生正自由现金流；观察营收增长是否提速；需更多数据验证商誉及利息覆盖情况。,deepseek-chat,轻微,规则和AI评级不完全一致，可作为人工复核优先项
000034,CN,神州数码,-,通用,ROE、现金流、资产负债率,-,-,13.2%,6.0%,-,79.4%,-,-,未分红/不适用,4.1%,10,10,100,High,未知,警惕,85,谨慎观察,50,数据质量高；长期ROE达到行业优秀线；ROE稳定性较好；近5年无亏损；经营现金流多次为负；自由现金流数据缺失，评级保守；资产负债率高于行业舒适区；营收增长达到行业较好水平,资产负债率偏高,谨慎观察,Medium,ROE 13.2%尚可，但波动较大（6%），且近5年有3年经营现金流为负，资产负债率高达79.4%，财务杠杆风险较高。营收增长缓慢（CAGR 4.1%），未分红，整体质量不够突出。,高资产负债率（79.4%）带来偿债压力；经营现金流多次为负，盈利质量存疑；无分红记录，股东回报不足。,关注未来经营现金流能否持续为正；负债率变化趋势；营收增长能否提速；是否有分红计划。,deepseek-chat,否,规则质量评级与AI评级一致
000035,CN,中国天楹,-,通用,ROE、现金流、资产负债率,-,-,5.6%,3.1%,-,65.4%,-,-,未分红/不适用,-28.8%,10,10,100,High,未知,排除,60,排除,20,规则排雷已判定存在硬伤,近5年营收明显下滑,谨慎观察,Medium,公司10年ROE仅5.6%，且波动较大（3.1%），盈利能力较弱。近5年营收CAGR为-28.8%，显示业务萎缩。资产负债率65.4%偏高，财务杠杆风险较大。虽无亏损和负OCF，但整体财务质量一般，需关注业务转型或改善迹象。,营收持续下滑，业务萎缩风险；高资产负债率（65.4%）带来偿债压力；ROE低且波动，股东回报不稳定；未分红，缺乏现金流回报。,关注营收下滑趋势是否扭转；资产负债率变化及现金流改善情况；是否有新业务或资产重组计划；管理层对盈利能力的提升措施。,deepseek-chat,轻微,规则和AI评级不完全一致，可作为人工复核优先项
000036,CN,华联控股,-,通用,ROE、现金流、资产负债率,-,-,22.9%,24.8%,-,24.2%,-,-,未分红/不适用,-24.2%,10,10,100,High,未知,排除,30,排除,20,规则排雷已判定存在硬伤,10年ROE波动较大；10年净利润波动较大；近5年营收明显下滑,谨慎观察,Medium,10年ROE高达22.9%，但波动较大（24.8%），且近5年营收CAGR为-24.2%，显示增长乏力。近5年经营现金流为负次数达3次，现金流质量存疑。资产负债率低（24.2%），财务风险较小，但未分红，股东回报不足。,营收持续下滑，增长前景不明；经营现金流多次为负，盈利质量需验证；未分红可能反映现金流紧张或再投资需求。,关注营收下滑趋势是否改善；经营现金流能否转正；公司未来资本配置计划及分红政策变化。,deepseek-chat,轻微,规则和AI评级不完全一致，可作为人工复核优先项
000037,CN,深南电A,-,通用,ROE、现金流、资产负债率,-,-,-0.9%,33.3%,-,23.2%,-,-,未分红/不适用,-14.7%,10,10,100,High,未知,排除,15,排除,20,规则排雷已判定存在硬伤,10年ROE波动较大；10年净利润波动较大；长期ROE低于5%；近5年营收增长偏弱,排除,High,10年ROE为-0.9%，且波动极大（33.3%），近5年亏损2次，经营现金流为负4次，营收持续下滑（CAGR -14.7%），盈利能力极差且不稳定。,持续亏损、经营现金流为负、营收萎缩，公司基本面恶化，缺乏可持续盈利能力。,关注公司是否有重大资产重组或业务转型，否则无研究价值。,deepseek-chat,否,规则质量评级与AI评级一致
000039,CN,中集集团,-,通用,ROE、现金流、资产负债率,-,-,19.5%,29.3%,-,59.9%,-,-,未分红/不适用,-1.1%,10,10,100,High,未知,警惕,85,可跟踪,73,数据质量高；长期ROE达到行业优秀线；ROE波动偏大；近5年无亏损；近5年经营现金流持续为正；自由现金流数据缺失，评级保守；资产负债率符合行业语境；营收增长偏弱,10年ROE波动较大,谨慎观察,Medium,10年ROE均值19.5%较高，但波动大（29.3%），净利润波动0.80，显示盈利不稳定。近5年无亏损且OCF为正，但营收负增长（-1.1%），且未分红。资产负债率59.9%适中，但缺乏现金流和利息覆盖数据。,ROE波动大，盈利稳定性差；营收持续下滑，成长性不足；未分红可能影响股东回报；缺乏自由现金流和利息覆盖数据，财务健康度评估受限。,关注未来营收能否止跌回升；ROE波动是否收敛；自由现金流和利息覆盖倍数数据；分红政策变化。,deepseek-chat,轻微,规则和AI评级不完全一致，可作为人工复核优先项
000042,CN,中洲控股,-,通用,ROE、现金流、资产负债率,-,-,3.3%,39.1%,-,94.5%,-,-,未分红/不适用,-26.1%,10,10,100,High,未知,排除,0,排除,20,规则排雷已判定存在硬伤,10年内亏损年份过多；10年ROE波动较大；10年净利润波动较大；长期ROE低于5%；资产负债率过高；近5年营收明显下滑,排除,High,公司近10年ROE仅3.3%，且波动极大（39.1%），近5年亏损3次，营收持续下滑（CAGR -26.1%），资产负债率高达94.5%，财务质量明显较弱，风险较高。,高负债率（94.5%）带来偿债风险；持续亏损和营收下滑表明经营恶化；ROE极低且波动大，股东回报差。,关注公司能否扭亏为盈、降低负债率、改善营收增长；需更多数据验证其持续经营能力。,deepseek-chat,否,规则质量评级与AI评级一致
000045,CN,深纺织Ａ,-,通用,ROE、现金流、资产负债率,-,-,-0.9%,40.7%,-,20.8%,-,-,未分红/不适用,8.6%,10,10,100,High,未知,排除,30,排除,20,规则排雷已判定存在硬伤,10年ROE波动较大；10年净利润波动较大；长期ROE低于5%,谨慎观察,Medium,10年ROE为负（-0.9%），波动大（40.7%），盈利质量差；近5年无亏损但OCF有一次为负，自由现金流数据缺失；资产负债率低（20.8%）是亮点，但分红不适用，成长性一般（营收CAGR 8.6%）。整体财务质量较弱，需更多数据验证。,长期盈利能力差（ROE为负），盈利波动大；自由现金流情况不明，可能影响持续经营；行业地位和竞争优势不明确。,关注未来ROE能否转正并稳定；自由现金流趋势；营收增长可持续性；管理层改善盈利能力的措施。,deepseek-chat,轻微,规则和AI评级不完全一致，可作为人工复核优先项
000048,CN,京基智农,-,通用,ROE、现金流、资产负债率,-,-,34.2%,32.4%,-,59.0%,-,-,未分红/不适用,10.9%,10,10,100,High,未知,警惕,70,可跟踪,69,数据质量高；长期ROE达到行业优秀线；ROE波动偏大；近5年无亏损；经营现金流存在瑕疵；自由现金流数据缺失，评级保守；资产负债率符合行业语境；营收增长达到行业较好水平,10年ROE波动较大；10年净利润波动较大,谨慎观察,Medium,10年ROE均值34.2%看似优秀，但波动极大（32.4%），净利润波动系数0.94，显示盈利极不稳定。近5年无亏损，但OCF有一次为负，现金流质量存疑。资产负债率59%适中，但缺乏利息覆盖和商誉数据。营收增长10.9%尚可，但未分红，股东回报不足。整体财务质量波动大，需更多数据验证可持续性。,盈利波动剧烈，ROE标准差高达32.4%，净利润波动系数接近1，表明业绩高度不稳定。现金流曾为负，可能影响运营。未分红，缺乏股东回报。缺乏利息覆盖倍数和商誉数据，无法评估债务风险和商誉减值风险。,关注盈利稳定性和现金流持续性，需获取更多年份数据验证ROE高均值是否可持续。跟踪营收增长来源及利润率变化。补充利息覆盖倍数和商誉数据以评估财务风险。观察未来分红政策变化。,deepseek-chat,轻微,规则和AI评级不完全一致，可作为人工复核优先项
000049,CN,德赛电池,-,通用,ROE、现金流、资产负债率,-,-,19.9%,8.6%,-,60.6%,-,-,未分红/不适用,3.6%,10,10,100,High,未知,通过,100,优质候选,100,数据质量高；长期ROE达到行业优秀线；ROE稳定性较好；近5年无亏损；近5年经营现金流持续为正；自由现金流数据缺失，评级保守；资产负债率符合行业语境；营收增长达到行业较好水平,-,可跟踪,Medium,10年ROE均值19.9%较高，但波动8.6%偏大；净利润波动0.42较小，近5年无亏损且经营现金流持续为正，显示盈利稳定。但营收增长缓慢（5年CAGR仅3.6%），且资产负债率60.6%偏高，未分红。整体财务质量尚可，但增长动力不足。,资产负债率60.6%偏高，财务杠杆风险；营收增长缓慢，可能面临行业天花板；未分红，股东回报不足。,关注营收增长能否提速；资产负债率变化趋势；未来分红政策是否改善；行业竞争格局及新业务拓展情况。,deepseek-chat,轻微,规则和AI评级不完全一致，可作为人工复核优先项
000050,CN,深天马Ａ,-,通用,ROE、现金流、资产负债率,-,-,10.0%,22.1%,-,61.6%,-,-,未分红/不适用,1.8%,10,10,100,High,未知,排除,30,排除,20,规则排雷已判定存在硬伤,10年内亏损年份过多；10年ROE波动较大；10年净利润波动较大,谨慎观察,Medium,ROE仅10%且波动大（22.1%），近5年3次亏损，净利润波动剧烈（4.35），营收增长缓慢（CAGR 1.8%），资产负债率61.6%偏高，未分红。现金流虽未负但自由现金流数据缺失，整体财务质量一般，风险较多。,盈利能力不稳定，多次亏损；高负债率增加财务风险；营收增长停滞；无分红记录，股东回报不足；自由现金流情况不明，可能影响持续经营。,关注未来盈利能力能否改善，负债率变化，自由现金流转正情况，以及行业景气度是否回升。,deepseek-chat,轻微,规则和AI评级不完全一致，可作为人工复核优先项
000055,CN,方大集团,-,通用,ROE、现金流、资产负债率,-,-,15.5%,20.8%,-,55.4%,-,-,未分红/不适用,-1.3%,10,10,100,High,未知,警惕,70,排除,24,数据质量高；长期ROE达到行业优秀线；ROE波动偏大；净利润波动偏大；近5年出现亏损；经营现金流存在瑕疵；自由现金流数据缺失，评级保守；资产负债率符合行业语境；营收增长偏弱,10年ROE波动较大；10年净利润波动较大,谨慎观察,Medium,ROE 15.5%尚可，但波动较大（20.8%），近5年有1次亏损和1次经营现金流为负，营收负增长，且未分红，财务稳定性存疑。,营收持续下滑，盈利波动大，现金流不稳定，无分红记录，可能面临行业或经营困境。,关注营收能否止跌回升，盈利稳定性改善，以及现金流和分红政策变化。,deepseek-chat,轻微,规则和AI评级不完全一致，可作为人工复核优先项
000058,CN,深 赛 格,-,通用,ROE、现金流、资产负债率,-,-,12.4%,24.4%,-,50.8%,-,-,未分红/不适用,-4.1%,10,10,100,High,未知,警惕,70,可跟踪,73,数据质量高；长期ROE达到行业优秀线；ROE波动偏大；近5年无亏损；近5年经营现金流持续为正；自由现金流数据缺失，评级保守；资产负债率符合行业语境；营收增长偏弱,10年ROE波动较大；10年净利润波动较大,谨慎观察,Medium,10年ROE均值12.4%尚可，但波动高达24.4%，稳定性差；近5年营收CAGR为-4.1%，呈下滑趋势；无分红记录，股东回报不足。资产负债率50.8%适中，但缺乏利息覆盖倍数和商誉数据，现金流数据缺失。,营收持续下滑，成长性堪忧；ROE波动大，盈利不稳定；无分红，可能影响长期持有价值；关键财务指标如FCF、利息覆盖倍数缺失，增加评估不确定性。,关注营收能否止跌回升；ROE波动是否改善；未来是否开始分红；补充FCF和利息覆盖数据以评估现金流和偿债能力。,deepseek-chat,轻微,规则和AI评级不完全一致，可作为人工复核优先项
000059,CN,华锦股份,-,通用,ROE、现金流、资产负债率,-,-,7.4%,19.5%,-,58.3%,-,-,未分红/不适用,2.0%,10,10,100,High,未知,警惕,70,排除,20,数据质量高；长期ROE达到行业基本线；ROE波动偏大；净利润波动偏大；近5年出现亏损；经营现金流存在瑕疵；自由现金流数据缺失，评级保守；资产负债率符合行业语境；营收增长处于可接受区间,10年ROE波动较大；10年净利润波动较大,谨慎观察,Medium,ROE仅7.4%且波动大（19.5%），近5年亏损2次，净利润波动系数4.84，盈利稳定性差。营收增长缓慢（CAGR 2%），未分红，现金流数据缺失。资产负债率58.3%尚可，但整体财务质量一般。,盈利波动大，近5年亏损2次，净利润波动系数高，显示周期性或经营风险。营收增长停滞，未分红可能反映现金流紧张或再投资回报低。,关注未来盈利稳定性、现金流改善情况、营收增长动力及分红政策变化。需更多数据验证其长期价值。,deepseek-chat,轻微,规则和AI评级不完全一致，可作为人工复核优先项
000060,CN,中金岭南,-,通用,ROE、现金流、资产负债率,-,-,7.8%,2.4%,-,58.6%,-,-,未分红/不适用,8.0%,10,10,100,High,未知,通过,100,优质候选,89,数据质量高；长期ROE达到行业基本线；ROE稳定性较好；近5年无亏损；近5年经营现金流持续为正；自由现金流数据缺失，评级保守；资产负债率符合行业语境；营收增长达到行业较好水平,-,可跟踪,Medium,公司10年ROE均值7.8%，波动较小，净利润和经营现金流近5年均为正，显示一定稳定性。但ROE偏低，资产负债率58.6%偏高，且未分红，成长性一般（营收CAGR 8%），整体质量中等。,资产负债率较高（58.6%），财务杠杆风险；未分红，股东回报不足；ROE仅7.8%，盈利能力偏弱；缺乏自由现金流数据，现金流质量待验证。,关注未来ROE提升趋势、负债率变化、自由现金流表现及分红政策；需验证行业周期影响及增长可持续性。,deepseek-chat,轻微,规则和AI评级不完全一致，可作为人工复核优先项
000061,CN,农 产 品,-,通用,ROE、现金流、资产负债率,-,-,16.1%,26.7%,-,53.8%,-,-,未分红/不适用,12.4%,10,10,100,High,未知,警惕,85,优质候选,89,数据质量高；长期ROE达到行业优秀线；ROE波动偏大；近5年无亏损；近5年经营现金流持续为正；自由现金流数据缺失，评级保守；资产负债率符合行业语境；营收增长达到行业较好水平,10年ROE波动较大,可跟踪,Medium,10年ROE均值16.1%尚可，但波动较大（26.7%），净利润波动系数0.62显示稳定性一般。近5年无亏损且经营现金流持续为正，但自由现金流数据缺失。营收增长12.4%良好，但资产负债率53.8%偏高，且无分红记录。整体财务质量中等，无明显硬伤但亮点不足。,资产负债率53.8%偏高，可能增加财务风险；ROE波动大，盈利稳定性存疑；无分红记录，股东回报不明确；自由现金流数据缺失，现金流质量待验证。,关注未来自由现金流趋势；跟踪资产负债率变化及利息覆盖倍数；观察ROE能否稳定在15%以上；关注分红政策是否改善。,deepseek-chat,轻微,规则和AI评级不完全一致，可作为人工复核优先项
000062,CN,深圳华强,-,通用,ROE、现金流、资产负债率,-,-,10.7%,4.1%,-,58.4%,-,-,未分红/不适用,2.2%,10,10,100,High,未知,通过,100,谨慎观察,46,数据质量高；长期ROE达到行业基本线；ROE稳定性较好；近5年无亏损；经营现金流多次为负；自由现金流数据缺失，评级保守；资产负债率符合行业语境；营收增长处于可接受区间,-,谨慎观察,Medium,ROE 10.7%尚可，波动4.1%较低，净利润波动0.39较小，无亏损。但近5年经营现金流为负3次，现金流质量差；资产负债率58.4%偏高；营收增长仅2.2%，成长性弱；未分红。,经营现金流多次为负，可能掩盖盈利质量或营运资金管理问题；高负债率增加财务风险；低增长且不分红，缺乏股东回报。,关注经营现金流能否转正；负债率变化趋势；营收增长能否提速；未来分红政策。,deepseek-chat,否,规则质量评级与AI评级一致
000063,CN,中兴通讯,-,通用,ROE、现金流、资产负债率,-,-,7.5%,14.1%,-,65.3%,-,-,未分红/不适用,4.0%,10,10,100,High,未知,警惕,70,可跟踪,67,数据质量高；长期ROE达到行业基本线；ROE波动偏大；近5年无亏损；近5年经营现金流持续为正；自由现金流数据缺失，评级保守；资产负债率略高但未构成硬伤；营收增长达到行业较好水平,10年ROE波动较大；10年净利润波动较大,可跟踪,Medium,10年ROE均值7.5%偏低，但波动14.1%尚可；近5年无亏损且经营现金流持续为正，显示一定稳定性；营收CAGR 4.0%增长缓慢；资产负债率65.3%偏高，但未提供利息覆盖倍数和商誉数据，无法全面评估偿债风险；未分红可能影响价值投资者偏好。整体财务质量一般，无明显硬伤但亮点不足。,资产负债率65.3%偏高，若利息覆盖倍数低则偿债压力大；营收增长缓慢（4%），可能缺乏成长性；未分红可能反映现金流或公司治理问题；ROE偏低，资本回报效率不高。,关注未来ROE趋势及改善措施；跟踪营收增长能否提速；获取利息覆盖倍数和商誉数据以评估财务风险；观察分红政策变化。,deepseek-chat,否,规则质量评级与AI评级一致
000065,CN,北方国际,-,通用,ROE、现金流、资产负债率,-,-,12.6%,3.1%,-,55.0%,-,-,未分红/不适用,1.0%,10,10,100,High,未知,通过,100,优质候选,97,数据质量高；长期ROE达到行业优秀线；ROE稳定性较好；近5年无亏损；近5年经营现金流持续为正；自由现金流数据缺失，评级保守；资产负债率符合行业语境；营收增长处于可接受区间,-,可跟踪,Medium,10年ROE均值12.6%，波动较小，净利润和经营现金流连续5年为正，财务基础稳健。但营收增长缓慢（5年CAGR仅1%），且未分红，成长性和股东回报不足。资产负债率55%适中，但缺乏自由现金流和利息覆盖数据，整体质量中等。,营收增长停滞，可能面临行业天花板或竞争压力；未分红可能影响长期投资者信心；缺乏自由现金流数据，现金流质量需进一步验证。,关注营收增长驱动因素及未来改善迹象；获取自由现金流和利息覆盖倍数数据；观察分红政策变化；跟踪行业景气度及公司市场份额变化。,deepseek-chat,轻微,规则和AI评级不完全一致，可作为人工复核优先项
000066,CN,中国长城,-,通用,ROE、现金流、资产负债率,-,-,8.2%,35.4%,-,61.9%,-,-,未分红/不适用,-2.9%,10,10,100,High,未知,排除,30,排除,20,规则排雷已判定存在硬伤,10年内亏损年份过多；10年ROE波动较大；10年净利润波动较大,排除,High,近5年3次亏损，OCF 3次为负，营收负增长，ROE低且波动大，未分红，财务质量明显较弱。,持续亏损风险，现金流不稳定，营收下滑，高负债率61.9%可能加剧财务压力。,关注扭亏为盈信号、营收增长拐点、现金流改善及负债管理。,deepseek-chat,否,规则质量评级与AI评级一致
000068,CN,华控赛格,-,通用,ROE、现金流、资产负债率,-,-,-6.2%,77.1%,-,73.6%,-,-,未分红/不适用,-2.9%,10,10,100,High,未知,排除,0,排除,20,规则排雷已判定存在硬伤,10年内亏损年份过多；10年ROE波动较大；10年净利润波动较大；长期ROE低于5%；资产负债率偏高,排除,High,10年ROE为-6.2%，且波动极大（77.1%），近5年亏损3次，净利润波动异常高（3156.79），营收负增长（-2.9%），资产负债率73.6%偏高，无分红记录。整体财务质量极差，风险显著。,持续亏损风险：近5年3次亏损，净利润波动极大；高负债风险：资产负债率73.6%，利息覆盖倍数缺失，偿债能力存疑；增长停滞：营收负增长，缺乏成长性；无分红回报。,关注未来能否扭亏为盈，营收是否恢复正增长，负债率是否下降，以及现金流是否改善。需连续多个季度数据验证。,deepseek-chat,否,规则质量评级与AI评级一致
000069,CN,华侨城Ａ,-,通用,ROE、现金流、资产负债率,-,-,2.0%,19.4%,-,80.6%,-,-,未分红/不适用,-25.6%,10,10,100,High,未知,排除,0,排除,20,规则排雷已判定存在硬伤,10年内亏损年份过多；10年ROE波动较大；10年净利润波动较大；长期ROE低于5%；资产负债率偏高；近5年营收明显下滑,排除,High,10年ROE仅2.0%，波动高达19.4%，近5年亏损4次，净利润波动剧烈（7.29），营收5年CAGR为-25.6%，资产负债率80.6%过高，且无分红记录。整体财务质量极弱，风险显著。,高负债率（80.6%）带来偿债风险；持续亏损（近5年4次亏损）表明盈利能力严重不足；营收大幅下滑（-25.6% CAGR）显示业务萎缩；无分红记录，股东回报缺失。,关注未来能否扭亏为盈、负债率是否下降、营收增长能否转正。若连续2年盈利且负债率降至70%以下，可重新评估。,deepseek-chat,否,规则质量评级与AI评级一致
000070,CN,特发信息,-,通用,ROE、现金流、资产负债率,-,-,5.6%,32.7%,-,78.6%,-,-,未分红/不适用,-1.0%,10,10,100,High,未知,排除,15,排除,20,规则排雷已判定存在硬伤,10年内亏损年份过多；10年ROE波动较大；10年净利润波动较大；资产负债率偏高,排除,High,近5年亏损4次，净利润波动极大（4.98），ROE仅5.6%且波动高（32.7%），营收负增长（-1.0%），资产负债率78.6%偏高，未分红，财务质量明显较弱。,持续亏损风险、高负债率导致偿债压力、营收下滑趋势、现金流可能不稳定、缺乏分红回报。,关注扭亏为盈的持续性、负债率变化、自由现金流转正情况、营收增长拐点。,deepseek-chat,否,规则质量评级与AI评级一致
000088,CN,盐 田 港,-,通用,ROE、现金流、资产负债率,-,-,6.6%,1.7%,-,17.8%,-,-,未分红/不适用,6.0%,10,10,100,High,未知,通过,100,可跟踪,71,数据质量高；长期ROE低于行业基本线；ROE稳定性较好；近5年无亏损；近5年经营现金流持续为正；自由现金流数据缺失，评级保守；资产负债率符合行业语境；营收增长达到行业较好水平,-,可跟踪,Medium,10年ROE均值6.6%且波动小，净利润稳定无亏损，OCF持续为正，资产负债率仅17.8%，财务风险低。但ROE偏低，营收增长缓慢（5年CAGR 6%），且无分红记录，成长性和股东回报不突出。,ROE偏低，资本回报效率不高；营收增速缓慢，缺乏增长动力；无分红记录，可能影响长期投资者信心。,关注未来ROE能否提升；营收增长是否加速；公司是否有分红或回购计划；现金流使用效率。,deepseek-chat,否,规则质量评级与AI评级一致
000089,CN,深圳机场,-,通用,ROE、现金流、资产负债率,-,-,1.9%,13.4%,-,52.9%,-,-,未分红/不适用,11.6%,10,10,100,High,未知,排除,30,排除,20,规则排雷已判定存在硬伤,10年ROE波动较大；10年净利润波动较大；长期ROE低于5%,谨慎观察,Medium,10年ROE仅1.9%，波动大（13.4%），近5年亏损2次，盈利稳定性差。资产负债率52.9%尚可，但无分红记录。营收增长11.6%尚可，但自由现金流缺失，需进一步验证现金流质量。,盈利能力极弱且波动大，近5年多次亏损；无分红记录，股东回报不足；自由现金流数据缺失，现金流状况不明。,关注未来ROE能否改善、亏损原因是否消除；获取自由现金流数据，评估现金流与利润匹配度；观察分红政策变化。,deepseek-chat,轻微,规则和AI评级不完全一致，可作为人工复核优先项
000090,CN,天健集团,-,通用,ROE、现金流、资产负债率,-,-,10.9%,5.4%,-,74.3%,-,-,未分红/不适用,-0.8%,10,10,100,High,未知,警惕,85,排除,37,数据质量高；长期ROE达到行业基本线；ROE稳定性较好；近5年无亏损；经营现金流存在瑕疵；自由现金流数据缺失，评级保守；资产负债率高于行业舒适区；营收增长偏弱,资产负债率偏高,谨慎观察,Medium,ROE 10.9%尚可，但波动较大（5.4%），净利润波动0.58，且近5年营收负增长（CAGR -0.8%）。资产负债率74.3%偏高，财务杠杆风险较大。未分红，现金流曾为负，整体增长和稳定性不足。,高资产负债率（74.3%）增加偿债风险；营收持续下滑，成长性堪忧；净利润波动较大，盈利稳定性差；未分红可能反映现金流紧张或股东回报意愿弱。,关注未来营收能否止跌回升；资产负债率变化及现金流改善情况；管理层是否有转型或降杠杆计划；行业政策及竞争格局变化。,deepseek-chat,轻微,规则和AI评级不完全一致，可作为人工复核优先项
000096,CN,广聚能源,-,通用,ROE、现金流、资产负债率,-,-,4.9%,3.3%,-,25.4%,-,-,未分红/不适用,-4.2%,10,10,100,High,未知,排除,60,排除,20,规则排雷已判定存在硬伤,长期ROE低于5%,谨慎观察,Medium,公司10年ROE仅4.9%，盈利能力较弱；营收持续下滑（5年CAGR -4.2%）；近5年有2年经营现金流为负，现金流不稳定。但资产负债率低（25.4%），无商誉，财务结构稳健。,营收负增长趋势未改善；经营现金流波动大，可能影响持续经营能力；ROE低且波动，股东回报有限。,关注营收能否止跌回升；经营现金流能否持续为正；是否有新业务或资产重组提升盈利能力。,deepseek-chat,轻微,规则和AI评级不完全一致，可作为人工复核优先项
000099,CN,中信海直,-,通用,ROE、现金流、资产负债率,-,-,5.1%,1.3%,-,27.7%,-,-,未分红/不适用,7.4%,10,10,100,High,未知,通过,100,可跟踪,71,数据质量高；长期ROE低于行业基本线；ROE稳定性较好；近5年无亏损；近5年经营现金流持续为正；自由现金流数据缺失，评级保守；资产负债率符合行业语境；营收增长达到行业较好水平,-,可跟踪,Medium,公司连续10年无亏损，经营现金流持续为正，资产负债率低（27.7%），财务稳健。但ROE仅5.1%，增长缓慢（营收CAGR 7.4%），且未分红，盈利质量一般。,低ROE表明资本回报效率不高；未分红可能影响股东回报；行业竞争或政策变化可能影响增长持续性。,关注未来ROE能否提升；营收增长是否加速；分红政策变化；现金流与利润匹配度。,deepseek-chat,否,规则质量评级与AI评级一致
000100,CN,TCL科技,-,科技,营收增长、自由现金流、研发投入效率,-,-,14.7%,14.7%,-,64.2%,-,-,未分红/不适用,3.0%,10,10,100,High,未知,警惕,70,谨慎观察,57,数据质量高；长期ROE达到行业优秀线；ROE波动偏大；近5年无亏损；近5年经营现金流持续为正；自由现金流数据缺失，评级保守；资产负债率高于行业舒适区；营收增长偏弱,10年ROE波动较大；10年净利润波动较大,可跟踪,Medium,10年ROE平均14.7%，波动较大，但近5年无亏损且经营现金流持续为正，显示一定盈利能力。营收增长缓慢（CAGR 3%），资产负债率64.2%偏高，未分红。整体质量中等，无明显硬伤但增长不突出。,资产负债率64.2%偏高，财务杠杆风险；营收增长缓慢，可能缺乏成长性；未分红，股东回报不足；ROE波动大，盈利稳定性待观察。,关注未来营收增长能否提速；资产负债率变化趋势；自由现金流是否转正；管理层是否改善分红政策。,deepseek-chat,轻微,规则和AI评级不完全一致，可作为人工复核优先项
000151,CN,中成股份,-,通用,ROE、现金流、资产负债率,-,-,8.0%,52.4%,-,73.8%,-,-,未分红/不适用,-15.0%,10,10,100,High,未知,排除,0,排除,20,规则排雷已判定存在硬伤,10年内亏损年份过多；10年ROE波动较大；10年净利润波动较大；资产负债率偏高；近5年营收增长偏弱,排除,High,近5年3次亏损，OCF 3次为负，营收5年CAGR -15%，ROE仅8%且波动极大（52.4%），资产负债率73.8%偏高，无分红记录。财务质量弱，增长持续下滑，现金流差。,持续亏损风险，现金流紧张，高负债率可能加剧财务压力，营收萎缩趋势未改善，无分红回报。,关注营收能否止跌、扭亏为盈、现金流转正、负债率下降。需更多季报验证改善迹象。,deepseek-chat,否,规则质量评级与AI评级一致
000153,CN,丰原药业,-,通用,ROE、现金流、资产负债率,-,-,6.6%,1.7%,-,58.0%,-,-,未分红/不适用,1.4%,10,10,100,High,未知,通过,100,可跟踪,65,数据质量高；长期ROE低于行业基本线；ROE稳定性较好；近5年无亏损；近5年经营现金流持续为正；自由现金流数据缺失，评级保守；资产负债率符合行业语境；营收增长处于可接受区间,-,谨慎观察,Medium,公司10年ROE仅6.6%，盈利能力偏低；营收5年CAGR仅1.4%，增长缓慢；资产负债率58%，财务杠杆较高；未分红，股东回报不足。但净利润和OCF近5年均为正，经营稳定性尚可。,低ROE和低增长表明公司可能处于成熟或衰退行业，缺乏成长动力；高负债率增加财务风险；不分红可能反映现金流紧张或治理问题。,关注未来ROE能否提升、营收增长是否加速、负债率变化及分红政策；需进一步分析行业前景和公司竞争力。,deepseek-chat,轻微,规则和AI评级不完全一致，可作为人工复核优先项
000156,CN,华数传媒,-,通用,ROE、现金流、资产负债率,-,-,5.6%,1.4%,-,47.5%,-,-,未分红/不适用,2.0%,10,10,100,High,未知,通过,100,可跟踪,65,数据质量高；长期ROE低于行业基本线；ROE稳定性较好；近5年无亏损；近5年经营现金流持续为正；自由现金流数据缺失，评级保守；资产负债率符合行业语境；营收增长处于可接受区间,-,可跟踪,Medium,10年ROE平均5.6%且波动小，净利润和经营现金流稳定无亏损，资产负债率适中。但营收增长缓慢（CAGR 2.0%），且未分红，成长性和股东回报不足。,营收增长乏力，可能面临行业天花板或竞争压力；未分红可能影响投资者信心；商誉和利息覆盖倍数数据缺失，需关注潜在财务风险。,关注营收增长能否提速；检查商誉规模和利息覆盖能力；观察未来分红政策变化；评估行业竞争格局和公司战略。,deepseek-chat,否,规则质量评级与AI评级一致
000157,CN,中联重科,-,通用,ROE、现金流、资产负债率,-,-,7.1%,5.2%,-,55.0%,-,-,未分红/不适用,-6.1%,10,10,100,High,未知,警惕,85,可跟踪,73,数据质量高；长期ROE达到行业基本线；ROE稳定性较好；近5年无亏损；近5年经营现金流持续为正；自由现金流数据缺失，评级保守；资产负债率符合行业语境；营收增长偏弱,近5年营收增长偏弱,谨慎观察,Medium,10年ROE均值7.1%偏低，且波动较大（5.2%）；近5年营收CAGR为-6.1%，显示增长乏力；资产负债率55%尚可，但未提供利息覆盖倍数和商誉数据，无法全面评估偿债风险。无分红记录，股东回报不足。,营收持续下滑，成长性堪忧；ROE波动大，盈利稳定性差；无分红，缺乏现金流回报；关键财务指标缺失（商誉、利息覆盖），隐藏潜在风险。,关注营收能否止跌回升；ROE是否改善；获取完整财务数据（商誉、利息覆盖、FCF）；观察行业周期及公司竞争力变化。,deepseek-chat,轻微,规则和AI评级不完全一致，可作为人工复核优先项
000158,CN,常山北明,-,通用,ROE、现金流、资产负债率,-,-,6.8%,20.0%,-,63.6%,-,-,未分红/不适用,-8.8%,10,10,100,High,未知,排除,15,排除,20,规则排雷已判定存在硬伤,10年内亏损年份过多；10年ROE波动较大；10年净利润波动较大；近5年营收增长偏弱,排除,High,近5年3次亏损，净利润波动极大（8.32），营收持续下滑（5年CAGR -8.8%），ROE仅6.8%且波动大，未分红，现金流不稳定，财务质量明显较弱。,持续亏损风险、营收下滑趋势、高负债率（63.6%）、现金流不稳定、无分红记录，缺乏成长性和稳定性。,需关注营收能否止跌、扭亏为盈的持续性、负债率变化及现金流改善情况。,deepseek-chat,否,规则质量评级与AI评级一致
000159,CN,国际实业,-,通用,ROE、现金流、资产负债率,-,-,2.8%,3.9%,-,43.7%,-,-,未分红/不适用,15.4%,10,10,100,High,未知,排除,45,排除,20,规则排雷已判定存在硬伤,10年净利润波动较大；长期ROE低于5%,谨慎观察,Medium,10年ROE仅2.8%，波动3.9%，盈利质量弱；近5年3次经营现金流为负，自由现金流为负，造血能力差；净利润波动高达12倍，稳定性差；虽营收增长15.4%，但未转化为利润和现金流。,盈利持续性风险：ROE低且波动，净利润大幅波动；现金流风险：经营现金流多次为负，自由现金流为负，可能依赖融资；分红缺失，股东回报不足。,关注未来能否改善经营现金流和自由现金流；观察净利润波动是否收敛；跟踪营收增长能否带动盈利提升；注意资产负债率43.7%的偿债压力。,deepseek-chat,轻微,规则和AI评级不完全一致，可作为人工复核优先项
000166,CN,申万宏源,-,通用,ROE、现金流、资产负债率,-,-,7.4%,2.5%,-,76.6%,-,-,未分红/不适用,-8.3%,10,20,100,High,未知,警惕,70,排除,37,数据质量高；长期ROE达到行业基本线；ROE稳定性较好；近5年无亏损；经营现金流存在瑕疵；自由现金流数据缺失，评级保守；资产负债率高于行业舒适区；营收增长偏弱,资产负债率偏高；近5年营收增长偏弱,谨慎观察,Medium,ROE仅7.4%且波动较大，营收负增长，资产负债率高达76.6%，自由现金流数据缺失，分红不适用。但净利润波动较小且无亏损，需进一步验证现金流和负债结构。,高负债率（76.6%）增加财务风险；营收持续下滑（5年CAGR -8.3%）表明业务萎缩；自由现金流为负或缺失，盈利质量存疑。,关注未来自由现金流趋势、负债结构变化及营收能否企稳；需补充利息覆盖倍数和商誉数据以评估偿债风险。,deepseek-chat,轻微,规则和AI评级不完全一致，可作为人工复核优先项
000301,CN,东方盛虹,-,通用,ROE、现金流、资产负债率,-,-,10.4%,13.0%,-,81.4%,-,-,未分红/不适用,24.3%,10,10,100,High,未知,警惕,55,排除,30,数据质量高；长期ROE达到行业基本线；ROE波动偏大；净利润波动偏大；近5年出现亏损；近5年经营现金流持续为正；自由现金流数据缺失，评级保守；资产负债率高于行业舒适区；营收增长达到行业较好水平,10年ROE波动较大；10年净利润波动较大；资产负债率偏高,谨慎观察,Medium,公司营收增长强劲（5年CAGR 24.3%），但ROE波动大（13%），近5年有1次亏损，资产负债率高达81.4%，财务杠杆风险显著。未分红且自由现金流数据缺失，现金流状况不明。,高资产负债率（81.4%）带来偿债压力；ROE波动大，盈利稳定性差；近5年出现亏损，经营风险存在；未分红，股东回报不足。,关注未来自由现金流能否转正；资产负债率变化趋势；盈利稳定性改善情况；行业周期对公司营收增长可持续性的影响。,deepseek-chat,轻微,规则和AI评级不完全一致，可作为人工复核优先项
000333,CN,美的集团,-,通用,ROE、现金流、资产负债率,-,-,23.9%,2.4%,-,61.2%,-,-,未分红/不适用,7.5%,10,10,100,High,未知,通过,100,优质候选,100,数据质量高；长期ROE达到行业优秀线；ROE稳定性较好；近5年无亏损；近5年经营现金流持续为正；自由现金流数据缺失，评级保守；资产负债率符合行业语境；营收增长达到行业较好水平,-,优质候选,High,10年ROE均值23.9%且波动仅2.4%，净利润波动0.33，近5年无亏损且经营现金流持续为正，显示极强盈利稳定性和现金流质量。营收5年CAGR 7.5%增长稳健。资产负债率61.2%在合理范围。整体财务质量优秀，值得优先研究。,资产负债率61.2%略高，需关注债务结构；未分红可能影响部分投资者偏好；行业竞争加剧可能影响增长持续性。,关注资产负债率变化及债务到期结构；跟踪营收增长趋势及市场份额变化；观察未来分红政策是否改善。,deepseek-chat,否,规则质量评级与AI评级一致
000338,CN,潍柴动力,-,通用,ROE、现金流、资产负债率,-,-,15.2%,5.7%,-,64.3%,-,-,未分红/不适用,1.3%,10,10,100,High,未知,通过,100,可跟踪,77,数据质量高；长期ROE达到行业优秀线；ROE稳定性较好；近5年无亏损；经营现金流存在瑕疵；自由现金流数据缺失，评级保守；资产负债率符合行业语境；营收增长处于可接受区间,-,可跟踪,Medium,10年ROE均值15.2%尚可，但波动较大（5.7%），净利润波动系数0.34，稳定性一般。近5年无亏损，但OCF有一次为负，现金流有瑕疵。营收增长缓慢（5年CAGR仅1.3%），成长性不足。资产负债率64.3%偏高，财务杠杆风险需关注。,资产负债率64.3%偏高，财务杠杆风险；营收增长停滞，成长性不足；ROE波动较大，盈利稳定性一般；现金流有一次为负，需关注经营现金流质量。,关注营收增长能否改善；资产负债率变化趋势；经营现金流稳定性；ROE能否维持或提升；行业周期影响。,deepseek-chat,否,规则质量评级与AI评级一致
000400,CN,许继电气,-,通用,ROE、现金流、资产负债率,-,-,8.4%,2.8%,-,49.0%,-,-,未分红/不适用,5.7%,10,10,100,High,未知,通过,100,优质候选,89,数据质量高；长期ROE达到行业基本线；ROE稳定性较好；近5年无亏损；近5年经营现金流持续为正；自由现金流数据缺失，评级保守；资产负债率符合行业语境；营收增长达到行业较好水平,-,可跟踪,Medium,10年ROE均值8.4%，波动较小，净利润和OCF近5年均为正，财务稳定性较好。但营收增长缓慢（5年CAGR 5.7%），且未分红，成长性和股东回报不突出。资产负债率49%适中，但缺乏FCF和利息覆盖数据，需进一步评估现金流质量。,营收增长偏低，可能面临行业天花板或竞争压力；未分红可能影响长期投资者信心；缺乏自由现金流数据，无法判断盈利现金含量；商誉和利息覆盖数据缺失，需关注潜在债务风险。,关注未来营收增长驱动因素（如新业务或订单）；获取自由现金流和利息覆盖倍数数据；观察分红政策变化；跟踪ROE能否持续改善至10%以上。,deepseek-chat,轻微,规则和AI评级不完全一致，可作为人工复核优先项
000401,CN,金隅冀东,-,通用,ROE、现金流、资产负债率,-,-,19.0%,26.4%,-,48.4%,-,-,未分红/不适用,-9.4%,10,10,100,High,未知,警惕,55,排除,44,数据质量高；长期ROE达到行业优秀线；ROE波动偏大；净利润波动偏大；近5年出现亏损；近5年经营现金流持续为正；自由现金流数据缺失，评级保守；资产负债率符合行业语境；营收增长偏弱,10年ROE波动较大；10年净利润波动较大；近5年营收增长偏弱,谨慎观察,Medium,10年ROE均值19%看似不错，但波动极大（26.4%），近5年有2年亏损，营收持续下滑（CAGR -9.4%），且未分红。高ROE可能来自周期或非经常性收益，稳定性差。,盈利波动大，周期性明显；营收负增长，成长性堪忧；无分红记录，股东回报不足；资产负债率48.4%尚可，但利息覆盖倍数缺失，需关注偿债能力。,需验证ROE高是否可持续；关注营收能否止跌回升；检查现金流是否健康；了解行业周期位置及公司竞争优势。,deepseek-chat,轻微,规则和AI评级不完全一致，可作为人工复核优先项
000402,CN,金 融 街,-,通用,ROE、现金流、资产负债率,-,-,-1.0%,16.5%,-,81.5%,-,-,未分红/不适用,-24.1%,10,10,100,High,未知,排除,0,排除,20,规则排雷已判定存在硬伤,10年内亏损年份过多；10年ROE波动较大；10年净利润波动较大；长期ROE低于5%；资产负债率偏高；近5年营收明显下滑,排除,High,10年ROE为负（-1.0%），近5年亏损3次，营收持续大幅下滑（CAGR -24.1%），资产负债率高达81.5%，财务质量明显较弱，风险较高。,持续亏损、高负债率、营收萎缩，可能面临偿债压力和经营困境，缺乏盈利能力支撑。,关注公司能否扭亏为盈、降低负债、改善现金流，以及行业复苏迹象。,deepseek-chat,否,规则质量评级与AI评级一致
000403,CN,派林生物,-,通用,ROE、现金流、资产负债率,-,-,10.8%,6.3%,-,14.6%,-,-,未分红/不适用,7.5%,10,10,100,High,未知,警惕,85,可跟踪,69,数据质量高；长期ROE达到行业基本线；ROE稳定性较好；近5年无亏损；经营现金流存在瑕疵；自由现金流数据缺失，评级保守；资产负债率符合行业语境；营收增长达到行业较好水平,10年净利润波动较大,可跟踪,Medium,10年ROE均值10.8%尚可，波动6.3%中等；近5年无亏损，仅1年经营现金流为负；资产负债率14.6%极低，财务风险小。但营收CAGR仅7.5%，增长不够突出，且未分红，现金流和商誉数据缺失。,增长动力不足，营收增速偏低；未分红可能反映现金流或治理问题；商誉占比和利息覆盖倍数未知，需警惕潜在减值或偿债风险。,关注未来营收增长趋势、自由现金流改善情况、商誉规模及分红政策变化。,deepseek-chat,否,规则质量评级与AI评级一致
000404,CN,长虹华意,-,通用,ROE、现金流、资产负债率,-,-,16.1%,28.0%,-,61.3%,-,-,未分红/不适用,-2.8%,10,10,100,High,未知,警惕,85,可跟踪,73,数据质量高；长期ROE达到行业优秀线；ROE波动偏大；近5年无亏损；近5年经营现金流持续为正；自由现金流数据缺失，评级保守；资产负债率符合行业语境；营收增长偏弱,10年ROE波动较大,可跟踪,Medium,10年ROE 16.1%尚可，但波动较大（28%）；近5年无亏损且经营现金流持续为正，财务基础稳健；但营收5年CAGR为-2.8%，增长乏力，且未分红，股东回报不足。,营收持续下滑，行业竞争或需求萎缩风险；ROE波动大，盈利稳定性存疑；资产负债率61.3%偏高，财务杠杆风险；无分红记录，可能影响长期投资者信心。,关注营收能否止跌回升；ROE稳定性改善情况；现金流是否持续为正；公司未来分红政策或资本配置计划。,deepseek-chat,否,规则质量评级与AI评级一致
000407,CN,胜利股份,-,通用,ROE、现金流、资产负债率,-,-,3.0%,6.1%,-,45.8%,-,-,未分红/不适用,-2.2%,10,10,100,High,未知,排除,45,排除,20,规则排雷已判定存在硬伤,10年净利润波动较大；长期ROE低于5%,谨慎观察,Medium,10年ROE仅3.0%，且波动较大（6.1%），盈利能力弱且不稳定。营收5年CAGR为-2.2%，增长乏力。虽无亏损和负OCF，但未分红，现金流数据缺失，整体财务质量一般。,低ROE且波动大，营收负增长，盈利能力存疑。未分红可能反映现金流或利润分配问题。资产负债率45.8%尚可，但利息覆盖倍数缺失，需关注偿债能力。,关注未来ROE能否提升至5%以上，营收能否转正增长，以及自由现金流和分红政策变化。,deepseek-chat,轻微,规则和AI评级不完全一致，可作为人工复核优先项
000408,CN,藏格矿业,-,通用,ROE、现金流、资产负债率,-,-,19.7%,13.4%,-,8.3%,-,-,未分红/不适用,-0.3%,10,10,100,High,未知,警惕,70,可跟踪,73,数据质量高；长期ROE达到行业优秀线；ROE波动偏大；近5年无亏损；近5年经营现金流持续为正；自由现金流数据缺失，评级保守；资产负债率符合行业语境；营收增长偏弱,10年ROE波动较大；10年净利润波动较大,可跟踪,Medium,10年ROE均值19.7%较高，但波动较大（13.4%）；净利润波动0.87，稳定性一般；近5年无亏损且经营现金流持续为正，财务基础稳健；资产负债率仅8.3%，财务风险极低。但营收5年CAGR为-0.3%，增长停滞，且未分红，成长性和股东回报不足。,营收负增长，成长性堪忧；ROE波动大，盈利稳定性存疑；未分红可能影响投资者信心；行业属性不明，需关注周期性风险。,关注营收能否恢复增长；ROE波动原因及可持续性；未来分红政策变化；行业竞争格局及公司竞争优势。,deepseek-chat,否,规则质量评级与AI评级一致
000409,CN,云鼎科技,-,科技,营收增长、自由现金流、研发投入效率,-,-,-6.4%,21.9%,-,35.7%,-,-,未分红/不适用,31.7%,10,10,100,High,未知,排除,0,排除,20,规则排雷已判定存在硬伤,10年内亏损年份过多；10年ROE波动较大；10年净利润波动较大；长期ROE低于5%,可跟踪,Medium,近5年营收CAGR达31.7%，增长强劲；近5年无亏损，OCF仅1年为负，经营风险较低。但10年ROE为负（-6.4%），波动大（21.9%），且未分红，盈利质量和股东回报不足。,历史ROE为负，盈利能力弱；净利润波动系数3.74，盈利稳定性差；未分红，可能缺乏现金流或再投资效率低。,关注未来ROE能否转正并稳定；营收高增长是否可持续；现金流改善情况；管理层资本配置效率。,deepseek-chat,是,规则排雷较严，AI认为可能存在继续跟踪价值
000410,CN,沈阳机床,-,通用,ROE、现金流、资产负债率,-,-,-43.6%,103.9%,-,51.5%,-,-,未分红/不适用,21.8%,10,10,100,High,未知,排除,0,排除,20,规则排雷已判定存在硬伤,10年内亏损年份过多；10年ROE波动较大；10年净利润波动较大；长期ROE低于5%,谨慎观察,Medium,10年ROE为-43.6%，波动极大，近5年亏损2次，经营现金流为负2次，财务质量差。但5年营收CAGR达21.8%，增长较快，需验证增长可持续性及盈利改善情况。,长期亏损，ROE极低且波动大，盈利不稳定；经营现金流多次为负，自由现金流未知；未分红，股东回报差；资产负债率51.5%尚可，但利息覆盖倍数缺失，需关注偿债能力。,关注营收增长是否转化为利润；跟踪经营现金流和自由现金流改善情况；观察资产负债率变化及利息覆盖能力；等待盈利稳定性和ROE回升迹象。,deepseek-chat,轻微,规则和AI评级不完全一致，可作为人工复核优先项
000411,CN,英特集团,-,通用,ROE、现金流、资产负债率,-,-,11.2%,1.4%,-,65.5%,-,-,未分红/不适用,5.9%,10,10,100,High,未知,通过,100,可跟踪,81,数据质量高；长期ROE达到行业基本线；ROE稳定性较好；近5年无亏损；近5年经营现金流持续为正；自由现金流数据缺失，评级保守；资产负债率略高但未构成硬伤；营收增长达到行业较好水平,-,可跟踪,Medium,10年ROE平均11.2%且波动仅1.4%，净利润波动0.74，近5年无亏损且经营现金流持续为正，显示盈利稳定。但资产负债率65.5%偏高，且未分红，增长一般（营收CAGR 5.9%），缺乏自由现金流数据。,资产负债率65.5%偏高，财务杠杆较大；未分红可能影响股东回报；缺乏自由现金流和利息覆盖倍数数据，无法评估偿债能力。,关注自由现金流趋势、利息覆盖倍数、负债结构变化；若营收增长加速或分红政策改善，可提升评级。,deepseek-chat,否,规则质量评级与AI评级一致
000415,CN,渤海租赁,-,通用,ROE、现金流、资产负债率,-,-,-0.2%,9.8%,-,81.3%,-,-,未分红/不适用,18.6%,10,10,100,High,未知,排除,0,排除,20,规则排雷已判定存在硬伤,10年内亏损年份过多；10年净利润波动较大；长期ROE低于5%；资产负债率偏高,谨慎观察,Medium,10年ROE均值极低（-0.2%），波动大（9.8%），近5年3次亏损，净利润波动剧烈（287.84），盈利质量差。资产负债率高达81.3%，财务杠杆风险高。营收增长18.6%但未转化为利润，需验证增长可持续性。,高负债率（81.3%）带来偿债风险；盈利不稳定，近5年3次亏损；ROE为负且波动大，股东回报差；未分红，缺乏现金流支撑信号。,关注未来盈利能否持续改善；负债结构及偿债能力；自由现金流是否转正；营收增长能否带动利润。,deepseek-chat,轻微,规则和AI评级不完全一致，可作为人工复核优先项
000417,CN,合百集团,-,通用,ROE、现金流、资产负债率,-,-,4.9%,1.5%,-,52.8%,-,-,未分红/不适用,1.4%,10,10,100,High,未知,排除,60,排除,20,规则排雷已判定存在硬伤,长期ROE低于5%,谨慎观察,Medium,公司10年ROE仅4.9%，盈利能力较弱；营收增长缓慢（5年CAGR 1.4%）；近5年有1年经营现金流为负，现金流稳定性存疑；资产负债率52.8%适中，但未分红且缺乏利息覆盖倍数等关键数据。,盈利能力偏低，ROE不足5%；营收增长停滞；经营现金流偶有负值，可能影响财务弹性；未分红可能反映现金流或盈利分配问题。,关注未来ROE能否提升；营收增长动力来源；经营现金流稳定性；分红政策变化；负债结构及偿债能力。,deepseek-chat,轻微,规则和AI评级不完全一致，可作为人工复核优先项
000419,CN,通程控股,-,通用,ROE、现金流、资产负债率,-,-,5.2%,1.0%,-,31.7%,-,-,未分红/不适用,-4.2%,10,10,100,High,未知,通过,100,谨慎观察,55,数据质量高；长期ROE低于行业基本线；ROE稳定性较好；近5年无亏损；近5年经营现金流持续为正；自由现金流数据缺失，评级保守；资产负债率符合行业语境；营收增长偏弱,-,谨慎观察,Medium,公司10年ROE仅5.2%，且营收持续下滑（5年CAGR -4.2%），成长性差。但财务结构稳健（资产负债率31.7%），无亏损或负经营现金流记录，波动小。分红不适用，自由现金流数据缺失。,营收负增长趋势未扭转，盈利能力偏低（ROE<6%），缺乏分红回报，自由现金流状况不明。,关注营收能否止跌回升，ROE是否改善，以及自由现金流和分红政策变化。,deepseek-chat,否,规则质量评级与AI评级一致
000420,CN,吉林化纤,-,通用,ROE、现金流、资产负债率,-,-,18.6%,31.3%,-,64.0%,-,-,未分红/不适用,11.0%,10,10,100,High,未知,排除,30,排除,20,规则排雷已判定存在硬伤,10年内亏损年份过多；10年ROE波动较大；10年净利润波动较大,谨慎观察,Medium,10年ROE均值18.6%看似不错，但ROE波动高达31.3%，净利润波动剧烈（37.94），近5年有2年亏损，盈利稳定性差。资产负债率64%偏高，且未分红，现金流虽未负但自由现金流数据缺失。营收增长11%尚可，但整体财务质量不够稳健。,盈利波动大，近5年亏损2次，ROE波动超30%，显示经营不稳定。负债率64%偏高，利息覆盖倍数缺失，偿债能力存疑。未分红，股东回报不足。,关注盈利稳定性改善、负债率变化、自由现金流转正情况。需更多季度数据验证增长可持续性及风险控制能力。,deepseek-chat,轻微,规则和AI评级不完全一致，可作为人工复核优先项
000421,CN,南京公用,-,通用,ROE、现金流、资产负债率,-,-,3.8%,3.5%,-,62.0%,-,-,未分红/不适用,18.1%,10,10,100,High,未知,排除,45,排除,20,规则排雷已判定存在硬伤,10年净利润波动较大；长期ROE低于5%,谨慎观察,Medium,10年ROE仅3.8%，波动3.5%，盈利能力弱且不稳定；近5年有1次亏损和1次负经营现金流；资产负债率62%偏高；未分红。但5年营收CAGR达18.1%，增长较快，需进一步验证增长可持续性及现金流改善情况。,盈利能力低下且波动大；负债率较高，财务风险存在；经营现金流曾为负，自由现金流数据缺失；无分红记录，股东回报不足。,关注未来ROE能否提升；经营现金流和自由现金流趋势；营收增长是否带来利润改善；负债率变化及偿债能力。,deepseek-chat,轻微,规则和AI评级不完全一致，可作为人工复核优先项
000422,CN,湖北宜化,-,通用,ROE、现金流、资产负债率,-,-,12.6%,71.3%,-,70.5%,-,-,未分红/不适用,8.5%,10,10,100,High,未知,警惕,55,可跟踪,73,数据质量高；长期ROE达到行业优秀线；ROE波动偏大；净利润波动偏大；近5年无亏损；近5年经营现金流持续为正；自由现金流数据缺失，评级保守；资产负债率略高但未构成硬伤；营收增长达到行业较好水平,10年ROE波动较大；10年净利润波动较大；资产负债率偏高,谨慎观察,Medium,ROE 12.6%尚可，但波动极大（71.3%），净利润波动也高（74.69），显示盈利不稳定。资产负债率70.5%偏高，财务杠杆风险较大。近5年无亏损且经营现金流为正，但未分红，现金流质量待查。营收增长8.5%一般。,高负债率（70.5%）增加偿债压力；ROE和净利润高波动，盈利稳定性差；未分红可能反映现金流紧张或再投资需求大。,关注负债结构及利息覆盖倍数；分析现金流是否足以支持运营和偿债；观察盈利波动原因及未来稳定性。,deepseek-chat,轻微,规则和AI评级不完全一致，可作为人工复核优先项
000423,CN,东阿阿胶,-,通用,ROE、现金流、资产负债率,-,-,16.1%,13.1%,-,22.6%,-,-,未分红/不适用,14.9%,10,10,100,High,未知,警惕,85,优质候选,89,数据质量高；长期ROE达到行业优秀线；ROE波动偏大；近5年无亏损；近5年经营现金流持续为正；自由现金流数据缺失，评级保守；资产负债率符合行业语境；营收增长达到行业较好水平,10年ROE波动较大,优质候选,High,10年ROE均值16.1%，盈利能力强且稳定；净利润波动低（0.79），无亏损和负经营现金流记录；资产负债率仅22.6%，财务风险极低；5年营收CAGR达14.9%，增长稳健。整体财务质量优秀，值得优先研究。,ROE波动13.1%略高，需关注盈利稳定性；分红不适用，可能影响收益型投资者；行业竞争或政策变化可能影响增长持续性。,关注ROE波动原因及未来趋势；营收增长可持续性；现金流状况及分红政策变化；行业竞争格局。,deepseek-chat,否,规则质量评级与AI评级一致
000425,CN,徐工机械,-,通用,ROE、现金流、资产负债率,-,-,9.4%,4.2%,-,64.0%,-,-,未分红/不适用,-3.6%,10,10,100,High,未知,通过,100,可跟踪,73,数据质量高；长期ROE达到行业基本线；ROE稳定性较好；近5年无亏损；近5年经营现金流持续为正；自由现金流数据缺失，评级保守；资产负债率符合行业语境；营收增长偏弱,-,谨慎观察,Medium,ROE长期偏低（9.4%），且波动较大（4.2%），营收负增长（-3.6%），资产负债率较高（64%），未分红。但净利润和经营现金流连续5年为正，无亏损记录，数据质量高。,营收持续下滑，成长性不足；高负债率增加财务风险；未分红可能反映现金流紧张或再投资需求；ROE波动大，盈利稳定性存疑。,关注营收能否止跌回升；负债率变化趋势；未来分红政策；ROE改善迹象；行业周期与公司竞争力。,deepseek-chat,轻微,规则和AI评级不完全一致，可作为人工复核优先项
000426,CN,兴业银锡,-,通用,ROE、现金流、资产负债率,-,-,7.4%,9.0%,-,40.8%,-,-,未分红/不适用,29.0%,10,10,100,High,未知,警惕,85,可跟踪,81,数据质量高；长期ROE达到行业基本线；ROE稳定性较好；净利润波动偏大；近5年无亏损；近5年经营现金流持续为正；自由现金流数据缺失，评级保守；资产负债率符合行业语境；营收增长达到行业较好水平,10年净利润波动较大,可跟踪,Medium,10年ROE均值7.4%偏低，但波动较小（9.0%），净利润波动1.35，近5年无亏损且经营现金流持续为正，显示一定稳定性。营收5年CAGR达29.0%，增长强劲。资产负债率40.8%适中。但未分红且自由现金流数据缺失，需关注现金流质量。,ROE偏低，资本回报效率不高；未分红可能影响股东回报；自由现金流数据缺失，需验证盈利现金含量；行业属性未明，可能受周期影响。,关注自由现金流趋势及资本开支需求；验证营收高增长的可持续性；跟踪ROE能否提升；了解行业周期及公司竞争地位。,deepseek-chat,否,规则质量评级与AI评级一致
000428,CN,华天酒店,-,通用,ROE、现金流、资产负债率,-,-,-8.7%,9.3%,-,82.3%,-,-,未分红/不适用,-2.9%,10,10,100,High,未知,排除,0,排除,20,规则排雷已判定存在硬伤,10年内亏损年份过多；10年净利润波动较大；长期ROE低于5%；资产负债率偏高,排除,High,10年ROE为-8.7%，近5年亏损4次，盈利能力极差且不稳定；资产负债率82.3%偏高，财务风险大；营收持续下滑（5年CAGR -2.9%），缺乏增长动力。,持续亏损导致净资产侵蚀；高负债率增加偿债压力；营收下滑反映主业萎缩；无分红记录，股东回报差。,关注能否扭亏为盈、负债率是否下降、营收是否止跌回升。,deepseek-chat,否,规则质量评级与AI评级一致
000429,CN,粤高速Ａ,-,通用,ROE、现金流、资产负债率,-,-,15.7%,3.3%,-,47.0%,-,-,未分红/不适用,-4.1%,10,10,100,High,未知,通过,100,可跟踪,87,数据质量高；长期ROE达到行业优秀线；ROE稳定性较好；近5年无亏损；近5年经营现金流持续为正；自由现金流数据缺失，评级保守；资产负债率符合行业语境；营收增长偏弱,-,可跟踪,Medium,10年ROE 15.7%且波动小，净利润和OCF连续5年为正，财务稳健。但营收5年CAGR为-4.1%，增长乏力，且未分红，成长性和股东回报不足。,营收持续下滑，可能反映行业或公司竞争力减弱；未分红可能影响投资者信心；资产负债率47%适中，但需关注债务结构。,关注营收下滑趋势能否逆转；未来分红政策变化；新项目或成本控制对利润的影响。,deepseek-chat,否,规则质量评级与AI评级一致
000498,CN,山东路桥,-,通用,ROE、现金流、资产负债率,-,-,14.9%,4.0%,-,76.5%,-,-,未分红/不适用,4.5%,10,10,100,High,未知,警惕,85,谨慎观察,50,数据质量高；长期ROE达到行业优秀线；ROE稳定性较好；近5年无亏损；经营现金流多次为负；自由现金流数据缺失，评级保守；资产负债率高于行业舒适区；营收增长达到行业较好水平,资产负债率偏高,谨慎观察,Medium,ROE 14.9%尚可，波动较小，但资产负债率76.5%偏高，近5年经营现金流为负次数达3次，自由现金流未披露，分红不适用，财务稳健性存疑。,高负债率76.5%增加财务风险；经营现金流多次为负，可能影响偿债能力；无分红记录，股东回报不足。,关注未来现金流改善情况、负债率变化趋势及盈利质量；需更多数据验证自由现金流和利息覆盖倍数。,deepseek-chat,否,规则质量评级与AI评级一致
000501,CN,武商集团,-,通用,ROE、现金流、资产负债率,-,-,8.6%,6.9%,-,64.1%,-,-,未分红/不适用,-3.9%,10,10,100,High,未知,通过,100,可跟踪,73,数据质量高；长期ROE达到行业基本线；ROE稳定性较好；近5年无亏损；近5年经营现金流持续为正；自由现金流数据缺失，评级保守；资产负债率符合行业语境；营收增长偏弱,-,谨慎观察,Medium,ROE仅8.6%且波动较大（6.9%），营收持续下滑（5年CAGR -3.9%），资产负债率64.1%偏高，未分红。但无亏损和负经营现金流记录，财务数据质量高。,营收负增长趋势未扭转，高负债率可能限制财务弹性，ROE偏低且波动大，缺乏分红回报。,关注营收能否企稳、负债率变化、ROE改善趋势及未来分红政策。,deepseek-chat,轻微,规则和AI评级不完全一致，可作为人工复核优先项
000503,CN,国新健康,-,通用,ROE、现金流、资产负债率,-,-,-18.0%,22.5%,-,44.0%,-,-,未分红/不适用,8.5%,10,10,100,High,未知,排除,0,排除,20,规则排雷已判定存在硬伤,10年内亏损年份过多；10年ROE波动较大；10年净利润波动较大；长期ROE低于5%,排除,High,连续10年ROE为负（-18%），近5年全部亏损且经营现金流持续为负，自由现金流缺失，无分红记录。财务质量极差，缺乏持续经营能力。,持续亏损、经营现金流为负、无自由现金流、无分红，公司造血能力严重不足，存在持续经营风险。,需关注扭亏为盈的明确信号、经营现金流转正、以及可持续的盈利模式。,deepseek-chat,否,规则质量评级与AI评级一致
000505,CN,京粮控股,-,通用,ROE、现金流、资产负债率,-,-,12.2%,25.3%,-,47.5%,-,-,未分红/不适用,-9.6%,10,10,100,High,未知,警惕,55,排除,24,数据质量高；长期ROE达到行业优秀线；ROE波动偏大；净利润波动偏大；近5年出现亏损；经营现金流存在瑕疵；自由现金流数据缺失，评级保守；资产负债率符合行业语境；营收增长偏弱,10年ROE波动较大；10年净利润波动较大；近5年营收增长偏弱,谨慎观察,Medium,ROE均值12.2%尚可，但波动较大（25.3%），近5年有1次亏损、2次经营现金流为负，营收持续下滑（CAGR -9.6%），且未分红，财务稳定性存疑。,营收负增长趋势明显，盈利波动大，现金流不稳定，可能面临行业或经营困境。无分红记录，股东回报不足。,关注营收能否止跌回升、现金流改善情况、以及公司是否有转型或重组计划。,deepseek-chat,轻微,规则和AI评级不完全一致，可作为人工复核优先项
000506,CN,招金黄金,-,通用,ROE、现金流、资产负债率,-,-,-0.9%,38.5%,-,49.6%,-,-,未分红/不适用,-12.7%,10,10,100,High,未知,排除,0,排除,20,规则排雷已判定存在硬伤,10年内亏损年份过多；10年ROE波动较大；10年净利润波动较大；长期ROE低于5%；近5年营收增长偏弱,谨慎观察,Medium,10年ROE为负（-0.9%），波动极大（38.5%），近5年2次亏损，2次经营现金流为负，营收5年CAGR为-12.7%，显示盈利能力差且不稳定。资产负债率49.6%尚可，但无分红记录。整体财务质量较弱，需更多数据验证。,盈利能力持续为负且波动大；营收负增长；现金流不稳定；无分红记录。,关注未来ROE能否转正、营收增长趋势、现金流改善情况、行业周期变化。,deepseek-chat,轻微,规则和AI评级不完全一致，可作为人工复核优先项
000507,CN,珠海港,-,通用,ROE、现金流、资产负债率,-,-,5.0%,1.0%,-,54.5%,-,-,未分红/不适用,-9.5%,10,10,100,High,未知,警惕,85,谨慎观察,55,数据质量高；长期ROE低于行业基本线；ROE稳定性较好；近5年无亏损；近5年经营现金流持续为正；自由现金流数据缺失，评级保守；资产负债率符合行业语境；营收增长偏弱,近5年营收增长偏弱,谨慎观察,Medium,公司10年ROE仅5.0%，且营收5年CAGR为-9.5%，增长乏力。但ROE波动小（1.0%），近5年无亏损且经营现金流持续为正，财务稳定性尚可。资产负债率54.5%适中，但未分红且缺乏FCF数据，需关注现金流质量。,营收持续下滑（-9.5% CAGR）可能反映行业或竞争劣势；低ROE（5.0%）表明资本回报效率低；未分红可能影响股东回报；缺乏FCF和利息覆盖倍数数据，无法评估偿债能力。,关注营收下滑趋势是否改善；ROE能否提升；未来是否开始分红或回购；获取FCF和利息覆盖数据以评估现金流和偿债能力。,deepseek-chat,否,规则质量评级与AI评级一致
000509,CN,华塑控股,-,通用,ROE、现金流、资产负债率,-,-,-45.5%,106.8%,-,78.1%,-,-,未分红/不适用,26.5%,10,10,100,High,未知,排除,0,排除,20,规则排雷已判定存在硬伤,10年内亏损年份过多；10年ROE波动较大；10年净利润波动较大；长期ROE低于5%；资产负债率偏高,排除,High,10年ROE为-45.5%，波动极大（106.8%），近5年亏损4次，经营现金流2次为负，资产负债率78.1%偏高，且未分红。财务质量极差，风险显著。,持续亏损风险：近5年4次亏损，盈利能力极弱；高负债风险：资产负债率78.1%，偿债压力大；现金流风险：经营现金流多次为负，自由现金流未披露；无分红记录，股东回报差。,关注未来能否扭亏为盈、负债率是否下降、经营现金流是否转正。若营收增长可持续且盈利改善，可重新评估。,deepseek-chat,否,规则质量评级与AI评级一致
000510,CN,新金路,-,通用,ROE、现金流、资产负债率,-,-,12.2%,31.4%,-,52.2%,-,-,未分红/不适用,-13.6%,10,10,100,High,未知,排除,15,排除,20,规则排雷已判定存在硬伤,10年内亏损年份过多；10年ROE波动较大；10年净利润波动较大；近5年营收增长偏弱,排除,High,近5年3次亏损，3次经营现金流为负，营收5年CAGR为-13.6%，ROE波动高达31.4%，净利润波动剧烈，财务质量明显较弱。,持续亏损风险，现金流紧张，营收下滑趋势，高波动性，无分红记录。,关注营收能否止跌回升，经营现金流能否转正，以及盈利能力改善迹象。,deepseek-chat,否,规则质量评级与AI评级一致
000513,CN,丽珠集团,-,通用,ROE、现金流、资产负债率,-,-,17.5%,11.9%,-,35.2%,-,-,未分红/不适用,-0.1%,10,10,100,High,未知,通过,100,可跟踪,87,数据质量高；长期ROE达到行业优秀线；ROE稳定性较好；近5年无亏损；近5年经营现金流持续为正；自由现金流数据缺失，评级保守；资产负债率符合行业语境；营收增长偏弱,-,可跟踪,High,10年ROE 17.5%且波动较小，净利润波动低，无亏损和负经营现金流，资产负债率35.2%较低，财务质量稳健。但5年营收CAGR为-0.1%，增长停滞，分红不适用，缺乏成长性亮点。,营收增长停滞，可能面临行业竞争或产品周期瓶颈；未分红可能影响投资者回报预期；需关注未来增长驱动因素。,关注营收能否恢复增长；新药或新产品线进展；分红政策变化；现金流和资本开支情况。,deepseek-chat,否,规则质量评级与AI评级一致
000514,CN,渝 开 发,-,通用,ROE、现金流、资产负债率,-,-,13.4%,25.6%,-,45.1%,-,-,未分红/不适用,-11.5%,10,10,100,High,未知,警惕,55,排除,32,数据质量高；长期ROE达到行业优秀线；ROE波动偏大；近5年出现亏损；经营现金流存在瑕疵；自由现金流数据缺失，评级保守；资产负债率符合行业语境；营收增长偏弱,10年ROE波动较大；10年净利润波动较大；近5年营收增长偏弱,谨慎观察,Medium,10年ROE均值13.4%尚可，但波动较大（25.6%），近5年有1次亏损和1次经营现金流为负，营收持续下滑（5年CAGR -11.5%），且无分红记录。财务质量一般，增长前景不明。,营收持续负增长，盈利能力不稳定，净利润波动大，无分红可能反映现金流或治理问题。资产负债率45.1%适中，但利息覆盖倍数缺失需关注。,关注营收能否止跌回升，经营现金流稳定性，以及未来分红政策变化。需更多季度数据验证盈利趋势。,deepseek-chat,轻微,规则和AI评级不完全一致，可作为人工复核优先项
000516,CN,国际医学,-,通用,ROE、现金流、资产负债率,-,-,7.7%,34.9%,-,69.0%,-,-,未分红/不适用,8.7%,10,10,100,High,未知,排除,30,排除,20,规则排雷已判定存在硬伤,10年内亏损年份过多；10年ROE波动较大；10年净利润波动较大,谨慎观察,Medium,10年ROE仅7.7%且波动大（34.9%），近5年连续亏损，净利润波动极高（12.66），资产负债率69%偏高，未分红。营收增长尚可（CAGR 8.7%），但盈利能力弱且不稳定。,持续亏损风险：近5年每年亏损；高负债率69%可能增加财务压力；ROE波动大，盈利不稳定；无分红记录，股东回报差。,关注扭亏为盈的拐点信号；负债率变化及现金流改善情况；营收增长能否转化为利润；行业竞争格局变化。,deepseek-chat,轻微,规则和AI评级不完全一致，可作为人工复核优先项
000517,CN,荣安地产,-,地产,净负债率、现金短债比、资产负债率,-,-,6.5%,17.8%,-,56.2%,-,-,未分红/不适用,-25.6%,10,10,100,High,未知,排除,15,排除,20,规则排雷已判定存在硬伤,地产需补充净负债率/现金短债比专项数据；10年ROE波动较大；10年净利润波动较大；近5年营收明显下滑,谨慎观察,Medium,ROE仅6.5%且波动大（17.8%），净利润波动系数2.75，近5年亏损2次，营收5年CAGR为-25.6%，显示盈利不稳定且业务收缩。资产负债率56.2%尚可，但地产行业高杠杆风险需关注。未分红，现金流数据缺失。,盈利波动大，营收持续下滑，行业下行周期中可能面临资产减值或流动性压力。未分红表明现金流或利润分配策略保守，需验证自由现金流状况。,关注未来营收能否企稳、净利润是否持续改善、自由现金流及负债结构变化。需更多季报数据验证经营拐点。,deepseek-chat,轻微,规则和AI评级不完全一致，可作为人工复核优先项
000519,CN,中兵红箭,-,通用,ROE、现金流、资产负债率,-,-,7.5%,12.2%,-,45.5%,-,-,未分红/不适用,5.4%,10,10,100,High,未知,警惕,70,谨慎观察,54,数据质量高；长期ROE达到行业基本线；ROE波动偏大；近5年出现亏损；近5年经营现金流持续为正；自由现金流数据缺失，评级保守；资产负债率符合行业语境；营收增长达到行业较好水平,10年ROE波动较大；10年净利润波动较大,谨慎观察,Medium,ROE仅7.5%且波动大（12.2%），近5年有1次亏损，净利润波动系数1.17，盈利稳定性不足。营收增长缓慢（5年CAGR 5.4%），且未分红，现金流数据缺失。资产负债率45.5%尚可，但整体财务质量一般。,盈利波动风险：ROE波动大且曾亏损；增长风险：营收增速低；现金流风险：FCF数据缺失，OCF虽未负但需验证；分红风险：未分红，股东回报不明确。,关注未来ROE能否提升并稳定；跟踪营收增长动力；获取完整现金流数据（FCF、利息覆盖倍数）；观察分红政策变化。,deepseek-chat,否,规则质量评级与AI评级一致
000520,CN,凤凰航运,-,周期,利润波动、ROE波动、资本开支周期,-,-,4.9%,12.0%,-,39.5%,-,-,未分红/不适用,-5.2%,10,10,100,High,未知,排除,0,排除,20,规则排雷已判定存在硬伤,周期行业利润弹性过大；10年内亏损年份过多；10年ROE波动较大；10年净利润波动较大；长期ROE低于5%；近5年营收增长偏弱,谨慎观察,Medium,10年ROE仅4.9%，波动大（12%），近5年3次亏损，营收负增长（-5.2%），盈利能力弱且不稳定。资产负债率39.5%尚可，但无分红记录，现金流数据缺失。,持续亏损风险高，营收下滑趋势未扭转，自由现金流为负，缺乏分红回报，行业前景不明。,关注营收能否止跌、扭亏为盈进展、自由现金流改善情况、管理层战略调整。,deepseek-chat,轻微,规则和AI评级不完全一致，可作为人工复核优先项
000521,CN,长虹美菱,-,通用,ROE、现金流、资产负债率,-,-,18.4%,28.0%,-,70.9%,-,-,未分红/不适用,14.0%,10,10,100,High,未知,警惕,55,可跟踪,81,数据质量高；长期ROE达到行业优秀线；ROE波动偏大；近5年无亏损；近5年经营现金流持续为正；自由现金流数据缺失，评级保守；资产负债率略高但未构成硬伤；营收增长达到行业较好水平,10年ROE波动较大；10年净利润波动较大；资产负债率偏高,可跟踪,Medium,10年ROE 18.4%较高，近5年无亏损且经营现金流持续为正，营收增长14%稳健。但ROE波动28%较大，资产负债率70.9%偏高，且未分红，财务稳定性一般。,高负债率70.9%增加财务风险；ROE波动大反映盈利不稳定；未分红可能影响股东回报。,关注负债率变化趋势、ROE稳定性改善、未来分红政策及现金流质量。,deepseek-chat,否,规则质量评级与AI评级一致
000523,CN,红棉股份,-,通用,ROE、现金流、资产负债率,-,-,4.5%,9.6%,-,38.9%,-,-,未分红/不适用,-4.9%,10,10,100,High,未知,排除,45,排除,20,规则排雷已判定存在硬伤,10年净利润波动较大；长期ROE低于5%,谨慎观察,Medium,10年ROE仅4.5%，波动大（9.6%），净利润波动剧烈（6.74），近5年1次亏损、2次OCF为负，营收负增长（-4.9%），未分红。财务质量较弱，增长乏力。,盈利能力低下且不稳定，现金流多次为负，营收持续下滑，缺乏分红记录，可能存在经营困境或行业下行风险。,关注未来ROE能否改善、现金流是否转正、营收下滑趋势是否扭转，以及管理层是否有明确转型计划。,deepseek-chat,轻微,规则和AI评级不完全一致，可作为人工复核优先项
000524,CN,岭南控股,-,通用,ROE、现金流、资产负债率,-,-,2.6%,7.7%,-,40.3%,-,-,未分红/不适用,31.1%,10,10,100,High,未知,排除,5,排除,20,规则排雷已判定存在硬伤,10年内亏损年份过多；10年净利润波动较大；长期ROE低于5%,谨慎观察,Medium,10年ROE仅2.6%，波动大；近5年亏损2次，OCF为负2次，盈利和现金流不稳定；营收CAGR高但可能因低基数或非经常性因素，需验证可持续性。,盈利能力弱且波动大，现金流不稳定，分红缺失，可能依赖外部融资或资产出售维持增长。,关注未来ROE能否提升、现金流转正、营收增长来源及可持续性、负债率变化。,deepseek-chat,轻微,规则和AI评级不完全一致，可作为人工复核优先项
000525,CN,红太阳,-,通用,ROE、现金流、资产负债率,-,-,-13.0%,61.2%,-,59.8%,-,-,未分红/不适用,-9.9%,10,10,100,High,未知,排除,0,排除,20,规则排雷已判定存在硬伤,10年内亏损年份过多；10年ROE波动较大；10年净利润波动较大；长期ROE低于5%；近5年营收增长偏弱,排除,High,10年ROE为-13.0%，且波动高达61.2%，近5年亏损3次，营收持续下滑（CAGR -9.9%），盈利能力极差且不稳定。资产负债率59.8%尚可，但利息覆盖倍数缺失，财务风险较高。,持续亏损、营收负增长、ROE为负且波动大，表明公司基本面恶化。未分红显示股东回报不足。缺乏利息覆盖数据，可能存在偿债压力。,需关注公司扭亏计划、营收恢复情况、现金流改善及负债管理。若未来能持续盈利并稳定增长，可重新评估。,deepseek-chat,否,规则质量评级与AI评级一致
000526,CN,学大教育,-,通用,ROE、现金流、资产负债率,-,-,-1.1%,53.9%,-,76.8%,-,-,未分红/不适用,6.3%,10,10,100,High,未知,排除,15,排除,20,规则排雷已判定存在硬伤,10年ROE波动较大；10年净利润波动较大；长期ROE低于5%；资产负债率偏高,谨慎观察,Medium,公司10年ROE为负且波动极大，净利润波动高达912.93，近5年有1年亏损和1年经营现金流为负，财务稳定性差。资产负债率76.8%偏高，且未分红。营收增长一般（5年CAGR 6.3%），整体财务质量较弱。,高负债率（76.8%）增加财务风险；盈利极不稳定，ROE和净利润大幅波动；经营现金流曾为负，现金流质量存疑；无分红记录，股东回报不足。,关注未来能否持续盈利并改善现金流；负债率是否下降；营收增长能否加速；管理层是否有改善财务质量的计划。,deepseek-chat,轻微,规则和AI评级不完全一致，可作为人工复核优先项
000528,CN,柳    工,-,通用,ROE、现金流、资产负债率,-,-,12.3%,15.6%,-,60.3%,-,-,未分红/不适用,3.7%,10,10,100,High,未知,警惕,85,优质候选,89,数据质量高；长期ROE达到行业优秀线；ROE波动偏大；近5年无亏损；近5年经营现金流持续为正；自由现金流数据缺失，评级保守；资产负债率符合行业语境；营收增长达到行业较好水平,10年ROE波动较大,可跟踪,Medium,10年ROE均值12.3%，波动15.6%，盈利稳定性尚可；近5年无亏损且经营现金流持续为正，财务基础扎实。但营收增长缓慢（5年CAGR仅3.7%），且资产负债率60.3%偏高，成长性和财务杠杆需关注。,资产负债率60.3%偏高，可能增加财务风险；营收增长缓慢，行业竞争或需求疲软可能影响未来盈利；未分红记录可能反映现金流或股东回报政策保守。,关注营收增长能否提速；资产负债率变化趋势；经营现金流与净利润匹配度；行业周期及公司市场份额变化。,deepseek-chat,轻微,规则和AI评级不完全一致，可作为人工复核优先项
